/*
*---------------------------------------------------------------
*                        Lvgl Font Tool                         
*                                                               
* 注:使用unicode编码                                              
* 注:本字体文件由Lvgl Font Tool V0.5测试版 生成                     
* 作者:阿里(qq:617622104)                                         
*---------------------------------------------------------------
*/


#include "lvgl.h"


static const uint8_t glyph_bitmap[] = {
/* 
 */
0x00,  //.


/*   */
0x00,  //.


/* ! */
0x77,0x50,  //***
0xff,0xb0,  //@@%
0xff,0xb0,  //@@%
0xff,0xb0,  //@@%
0xff,0x70,  //@@*
0xff,0x70,  //@@*
0xff,0x70,  //@@*
0xff,0x70,  //@@*
0xff,0x70,  //@@*
0xff,0x70,  //@@*
0xff,0x70,  //@@*
0xbf,0x70,  //%@*
0xbf,0x70,  //%@*
0xbf,0x30,  //%@*
0xbf,0x30,  //%@*
0x23,0x00,  //+*.
0x00,0x00,  //...
0x13,0x00,  //+*.
0xef,0xb0,  //#@%
0xff,0xf0,  //@@@
0xef,0xb0,  //#@%


/* " */
0x5b,0xb0,0x08,0xb8,  //*%%..%%%
0x7f,0xf0,0x0b,0xfb,  //*@@..%@%
0x7f,0xf0,0x0b,0xfb,  //*@@..%@%
0x7f,0xf0,0x0b,0xfa,  //*@@..%@%
0x7f,0xd0,0x0b,0xf7,  //*@#..%@*
0x7f,0xb0,0x0b,0xf7,  //*@%..%@*
0x7f,0xb0,0x0b,0xf7,  //*@%..%@*


/* # */
0x00,0x00,0x00,0x4b,0xb1,0x00,0x08,0xb8,0x00,  //......*%%+...%%%.
0x00,0x00,0x00,0x9f,0xe0,0x00,0x0f,0xf8,0x00,  //......%@#....@@%.
0x00,0x00,0x00,0xdf,0xa0,0x00,0x3f,0xf4,0x00,  //......#@%...*@@*.
0x00,0x00,0x01,0xff,0x60,0x00,0x7f,0xf0,0x00,  //.....+@@*...*@@..
0x00,0x00,0x04,0xff,0x30,0x00,0xbf,0xc0,0x00,  //.....*@@*...%@#..
0x00,0xbf,0xff,0xff,0xff,0xff,0xff,0xff,0xf0,  //..%@@@@@@@@@@@@@@
0x00,0xbf,0xff,0xff,0xff,0xff,0xff,0xff,0xf0,  //..%@@@@@@@@@@@@@@
0x00,0x57,0x7f,0xfb,0x77,0x7b,0xff,0x77,0x70,  //..***@@%***%@@***
0x00,0x00,0x3f,0xf3,0x00,0x09,0xfd,0x00,0x00,  //....*@@*...%@#...
0x00,0x00,0x7f,0xf0,0x00,0x0d,0xfa,0x00,0x00,  //....*@@....#@%...
0x00,0x00,0xbf,0xc0,0x00,0x0f,0xf6,0x00,0x00,  //....%@#....@@*...
0x00,0x00,0xff,0x80,0x00,0x4f,0xf2,0x00,0x00,  //....@@%...*@@+...
0x23,0x36,0xff,0x73,0x33,0x9f,0xf3,0x32,0x00,  //+***@@****%@@**+.
0xbf,0xff,0xff,0xff,0xff,0xff,0xff,0xfb,0x00,  //%@@@@@@@@@@@@@@%.
0xbf,0xff,0xff,0xff,0xff,0xff,0xff,0xfb,0x00,  //%@@@@@@@@@@@@@@%.
0x23,0x3f,0xfa,0x33,0x37,0xff,0x63,0x32,0x00,  //+**@@%****@@***+.
0x00,0x2f,0xf6,0x00,0x08,0xff,0x00,0x00,0x00,  //..+@@*...%@@.....
0x00,0x5f,0xf2,0x00,0x0b,0xfb,0x00,0x00,0x00,  //..*@@+...%@%.....
0x00,0x9f,0xe0,0x00,0x0f,0xf8,0x00,0x00,0x00,  //..%@#....@@%.....
0x00,0xdf,0xa0,0x00,0x4f,0xf4,0x00,0x00,0x00,  //..#@%...*@@*.....


/* $ */
0x00,0x00,0x03,0xff,0x30,0x00,0x00,  //.....*@@*.....
0x00,0x00,0x03,0xff,0x30,0x00,0x00,  //.....*@@*.....
0x00,0x00,0x03,0xff,0x30,0x00,0x00,  //.....*@@*.....
0x00,0x05,0xaf,0xff,0xfa,0x40,0x00,  //...*%@@@@%*...
0x00,0xbf,0xff,0xff,0xff,0xfa,0x00,  //..%@@@@@@@@%..
0x0b,0xff,0xfc,0xff,0xdf,0xff,0xa0,  //.%@@@#@@#@@@%.
0x3f,0xfc,0x13,0xff,0x33,0xef,0xf3,  //*@@#+*@@**#@@*
0x7f,0xf4,0x03,0xff,0x30,0x3f,0xe4,  //*@@*.*@@*.*@#*
0x8f,0xf3,0x03,0xff,0x30,0x07,0x00,  //%@@*.*@@*..*..
0x7f,0xf5,0x03,0xff,0x30,0x00,0x00,  //*@@*.*@@*.....
0x3f,0xfe,0x63,0xff,0x30,0x00,0x00,  //*@@#**@@*.....
0x09,0xff,0xfe,0xff,0x30,0x00,0x00,  //.%@@@#@@*.....
0x00,0x8f,0xff,0xff,0xc5,0x00,0x00,  //..%@@@@@#*....
0x00,0x01,0x9e,0xff,0xff,0xe6,0x00,  //...+%#@@@@#*..
0x00,0x00,0x03,0xff,0xff,0xff,0x90,  //.....*@@@@@@%.
0x00,0x00,0x03,0xff,0x47,0xff,0xf4,  //.....*@@**@@@*
0x01,0x00,0x03,0xff,0x30,0x6f,0xfa,  //.+...*@@*.*@@%
0x7e,0x10,0x03,0xff,0x30,0x0f,0xfb,  //*#+..*@@*..@@%
0xff,0xb0,0x03,0xff,0x30,0x0f,0xfb,  //@@%..*@@*..@@%
0xbf,0xf9,0x03,0xff,0x30,0x9f,0xf8,  //%@@%.*@@*.%@@%
0x2e,0xff,0xea,0xff,0x9b,0xff,0xe1,  //+#@@#%@@%%@@#+
0x02,0xef,0xff,0xff,0xff,0xfe,0x40,  //.+#@@@@@@@@#*.
0x00,0x07,0xef,0xff,0xff,0xa2,0x00,  //...*#@@@@@%+..
0x00,0x00,0x05,0xff,0x60,0x00,0x00,  //.....*@@*.....
0x00,0x00,0x03,0xff,0x30,0x00,0x00,  //.....*@@*.....
0x00,0x00,0x03,0xff,0x30,0x00,0x00,  //.....*@@*.....
0x00,0x00,0x02,0xbb,0x20,0x00,0x00,  //.....+%%+.....


/* % */
0x04,0xdf,0xfd,0x50,0x00,0x00,0x00,0xab,0xa0,0x00,  //.*#@@#*.......%%%...
0x5f,0xff,0xff,0xf7,0x00,0x00,0x07,0xff,0x50,0x00,  //*@@@@@@*.....*@@*...
0xff,0xc3,0x3c,0xff,0x10,0x00,0x1f,0xfb,0x00,0x00,  //@@#**#@@+...+@@%....
0xff,0x10,0x01,0xff,0x60,0x00,0xbf,0xf2,0x00,0x00,  //@@+..+@@*...%@@+....
0xff,0x00,0x00,0xff,0x70,0x04,0xff,0x80,0x00,0x00,  //@@....@@*..*@@%.....
0xff,0x10,0x01,0xff,0x60,0x0d,0xfe,0x00,0x00,0x00,  //@@+..+@@*..#@#......
0xff,0xc3,0x3c,0xff,0x10,0x7f,0xf5,0x00,0x00,0x00,  //@@#**#@@+.*@@*......
0x5f,0xff,0xff,0xf7,0x01,0xff,0xb0,0x00,0x00,0x00,  //*@@@@@@*.+@@%.......
0x04,0xdf,0xfd,0x50,0x0b,0xff,0x20,0x00,0x00,0x00,  //.*#@@#*..%@@+.......
0x00,0x00,0x00,0x00,0x4f,0xf9,0x00,0x00,0x00,0x00,  //........*@@%........
0x00,0x00,0x00,0x00,0xdf,0xe0,0x00,0x00,0x00,0x00,  //........#@#.........
0x00,0x00,0x00,0x07,0xff,0x60,0x06,0xbf,0xb7,0x00,  //.......*@@*..*%@%*..
0x00,0x00,0x00,0x1f,0xfc,0x00,0xcf,0xff,0xff,0xc0,  //......+@@#..#@@@@@#.
0x00,0x00,0x00,0xbf,0xf3,0x07,0xff,0xa7,0xaf,0xf8,  //......%@@*.*@@%*%@@%
0x00,0x00,0x03,0xff,0x90,0x0d,0xfb,0x00,0x0a,0xfe,  //.....*@@%..#@%...%@#
0x00,0x00,0x0d,0xfe,0x00,0x0f,0xf7,0x00,0x07,0xff,  //.....#@#...@@*...*@@
0x00,0x00,0x7f,0xf6,0x00,0x0e,0xf8,0x00,0x08,0xff,  //....*@@*...#@%...%@@
0x00,0x01,0xef,0xc0,0x00,0x09,0xfe,0x30,0x3e,0xfb,  //...+#@#....%@#*.*#@%
0x00,0x0a,0xff,0x30,0x00,0x01,0xef,0xff,0xff,0xf2,  //...%@@*....+#@@@@@@+
0x00,0x3f,0xf9,0x00,0x00,0x00,0x2d,0xff,0xfd,0x30,  //..*@@%......+#@@@#*.


/* & */
0x00,0x00,0x05,0xac,0xbb,0x60,0x00,0x00,0x00,0x00,  //.....*%#%%*........
0x00,0x00,0xcf,0xff,0xff,0xfc,0x00,0x00,0x00,0x00,  //....#@@@@@@#.......
0x00,0x0b,0xff,0xeb,0xbe,0xff,0xb0,0x00,0x00,0x00,  //...%@@#%%#@@%......
0x00,0x2f,0xfe,0x10,0x00,0xef,0xf1,0x00,0x00,0x00,  //..+@@#+...#@@+.....
0x00,0x3f,0xf8,0x00,0x00,0xbf,0xf3,0x00,0x00,0x00,  //..*@@%....%@@*.....
0x00,0x4f,0xf9,0x00,0x00,0xcf,0xf3,0x00,0x00,0x00,  //..*@@%....#@@*.....
0x00,0x1f,0xfe,0x00,0x05,0xff,0xd0,0x00,0x00,0x00,  //..+@@#...*@@#......
0x00,0x09,0xff,0xa0,0x8f,0xfe,0x20,0x00,0x00,0x00,  //...%@@%.%@@#+......
0x00,0x00,0xef,0xff,0xff,0xd2,0x00,0x00,0x00,0x00,  //....#@@@@@#+.......
0x00,0x00,0x9f,0xff,0xe7,0x00,0x00,0xbb,0x90,0x00,  //....%@@@#*....%%%..
0x00,0x3e,0xff,0xff,0xf5,0x00,0x00,0xff,0xa0,0x00,  //..*#@@@@@*....@@%..
0x05,0xff,0xf8,0x6f,0xff,0x20,0x03,0xff,0x70,0x00,  //.*@@@%*@@@+..*@@*..
0x1f,0xff,0x50,0x06,0xff,0xe2,0x08,0xff,0x20,0x00,  //+@@@*..*@@#+.%@@+..
0x8f,0xf7,0x00,0x00,0x9f,0xfe,0x2d,0xfd,0x00,0x00,  //%@@*....%@@#+#@#...
0xbf,0xf3,0x00,0x00,0x09,0xff,0xef,0xf7,0x00,0x00,  //%@@*.....%@@#@@*...
0xbf,0xf0,0x00,0x00,0x00,0xbf,0xff,0xe0,0x00,0x00,  //%@@.......%@@@#....
0xbf,0xf4,0x00,0x00,0x00,0x0e,0xff,0xd0,0x00,0x00,  //%@@*.......#@@#....
0x8f,0xfc,0x00,0x00,0x00,0x9f,0xff,0xf9,0x00,0x00,  //%@@#......%@@@@%...
0x1e,0xff,0xd6,0x33,0x6d,0xff,0xce,0xff,0x90,0x00,  //+#@@#****#@@##@@%..
0x05,0xff,0xff,0xff,0xff,0xfc,0x02,0xef,0xf8,0x00,  //.*@@@@@@@@@#.+#@@%.
0x00,0x2a,0xff,0xff,0xfd,0x50,0x00,0x2e,0xff,0x50,  //..+%@@@@@#*...+#@@*


/* ' */
0x5b,0xb0,  //*%%
0x7f,0xf0,  //*@@
0x7f,0xf0,  //*@@
0x7f,0xf0,  //*@@
0x7f,0xd0,  //*@#
0x7f,0xb0,  //*@%
0x7f,0xb0,  //*@%


/* ( */
0x00,0x00,0xcf,0xc0,  //....#@#
0x00,0x0c,0xfe,0x10,  //...#@#+
0x00,0x7f,0xf6,0x00,  //..*@@*.
0x01,0xef,0xd0,0x00,  //.+#@#..
0x08,0xff,0x50,0x00,  //.%@@*..
0x0e,0xfd,0x00,0x00,  //.#@#...
0x5f,0xf8,0x00,0x00,  //*@@%...
0x9f,0xf3,0x00,0x00,  //%@@*...
0xdf,0xf0,0x00,0x00,  //#@@....
0xff,0xc0,0x00,0x00,  //@@#....
0xff,0xb0,0x00,0x00,  //@@%....
0xff,0xb0,0x00,0x00,  //@@%....
0xff,0xb0,0x00,0x00,  //@@%....
0xff,0xb0,0x00,0x00,  //@@%....
0xff,0xb0,0x00,0x00,  //@@%....
0xff,0xc0,0x00,0x00,  //@@#....
0xdf,0xf0,0x00,0x00,  //#@@....
0x9f,0xf3,0x00,0x00,  //%@@*...
0x5f,0xf8,0x00,0x00,  //*@@%...
0x0e,0xfd,0x00,0x00,  //.#@#...
0x08,0xff,0x40,0x00,  //.%@@*..
0x01,0xef,0xb0,0x00,  //.+#@%..
0x00,0x7f,0xf5,0x00,  //..*@@*.
0x00,0x0c,0xfe,0x00,  //...#@#.
0x00,0x00,0xcf,0xc0,  //....#@#


/* ) */
0x2e,0xf9,0x00,0x00,  //+#@%....
0x06,0xff,0x50,0x00,  //.*@@*...
0x00,0xbf,0xe1,0x00,  //..%@#+..
0x00,0x2f,0xf9,0x00,  //..+@@%..
0x00,0x09,0xff,0x10,  //...%@@+.
0x00,0x03,0xff,0x90,  //...*@@%.
0x00,0x00,0xdf,0xe0,  //....#@#.
0x00,0x00,0x9f,0xf3,  //....%@@*
0x00,0x00,0x5f,0xf7,  //....*@@*
0x00,0x00,0x3f,0xfa,  //....*@@%
0x00,0x00,0x0f,0xfb,  //.....@@%
0x00,0x00,0x0f,0xfb,  //.....@@%
0x00,0x00,0x0f,0xfb,  //.....@@%
0x00,0x00,0x0f,0xfb,  //.....@@%
0x00,0x00,0x0f,0xfb,  //.....@@%
0x00,0x00,0x3f,0xfa,  //....*@@%
0x00,0x00,0x5f,0xf7,  //....*@@*
0x00,0x00,0x8f,0xf3,  //....%@@*
0x00,0x00,0xdf,0xe0,  //....#@#.
0x00,0x03,0xff,0x90,  //...*@@%.
0x00,0x09,0xff,0x10,  //...%@@+.
0x00,0x1f,0xf9,0x00,  //..+@@%..
0x00,0xbf,0xe1,0x00,  //..%@#+..
0x06,0xff,0x50,0x00,  //.*@@*...
0x2e,0xf9,0x00,0x00,  //+#@%....


/* * */
0x00,0x02,0xbb,0x00,0x00,  //...+%%....
0x00,0x00,0xff,0x00,0x00,  //....@@....
0x5c,0x20,0xfe,0x03,0xd3,  //*#+.@#.*#*
0xef,0xf7,0xfc,0x8f,0xfb,  //#@@*@#%@@%
0x07,0xef,0xff,0xfe,0x70,  //.*#@@@@#*.
0x00,0x4e,0xff,0xe3,0x00,  //..*#@@#*..
0x3b,0xff,0xff,0xff,0xb3,  //*%@@@@@@%*
0xcf,0xd3,0xfb,0x4e,0xfb,  //#@#*@%*#@%
0x39,0x00,0xff,0x00,0xa1,  //*%..@@..%+
0x00,0x00,0xff,0x00,0x00,  //....@@....
0x00,0x01,0x77,0x00,0x00,  //...+**....


/* + */
0x00,0x00,0x07,0xff,0x00,0x00,0x00,  //.....*@@.....
0x00,0x00,0x07,0xff,0x00,0x00,0x00,  //.....*@@.....
0x00,0x00,0x07,0xff,0x00,0x00,0x00,  //.....*@@.....
0x00,0x00,0x07,0xff,0x00,0x00,0x00,  //.....*@@.....
0x00,0x00,0x07,0xff,0x00,0x00,0x00,  //.....*@@.....
0xbf,0xff,0xff,0xff,0xff,0xff,0xf0,  //%@@@@@@@@@@@@
0xbf,0xff,0xff,0xff,0xff,0xff,0xf0,  //%@@@@@@@@@@@@
0x57,0x77,0x7b,0xff,0x77,0x77,0x70,  //*****%@@*****
0x00,0x00,0x07,0xff,0x00,0x00,0x00,  //.....*@@.....
0x00,0x00,0x07,0xff,0x00,0x00,0x00,  //.....*@@.....
0x00,0x00,0x07,0xff,0x00,0x00,0x00,  //.....*@@.....
0x00,0x00,0x07,0xff,0x00,0x00,0x00,  //.....*@@.....
0x00,0x00,0x05,0xbb,0x00,0x00,0x00,  //.....*%%.....


/* , */
0xcf,0xc0,  //#@#
0xff,0xf0,  //@@@
0xef,0xf0,  //#@@
0x17,0xf0,  //+*@
0x09,0xf0,  //.%@
0x6f,0x90,  //*@%
0xfa,0x00,  //@%.
0x20,0x00,  //+..


/* - */
0xff,0xff,0xff,0xff,0xf7,  //@@@@@@@@@*
0xff,0xff,0xff,0xff,0xf7,  //@@@@@@@@@*


/* . */
0xef,0xb0,  //#@%
0xff,0xf0,  //@@@
0xff,0xb0,  //@@%


/* / */
0x00,0x00,0x00,0x03,0xbb,0x30,  //.......*%%*
0x00,0x00,0x00,0x0a,0xff,0x00,  //.......%@@.
0x00,0x00,0x00,0x0f,0xf9,0x00,  //.......@@%.
0x00,0x00,0x00,0x6f,0xf4,0x00,  //......*@@*.
0x00,0x00,0x00,0xcf,0xd0,0x00,  //......#@#..
0x00,0x00,0x02,0xff,0x80,0x00,  //.....+@@%..
0x00,0x00,0x08,0xff,0x10,0x00,  //.....%@@+..
0x00,0x00,0x0e,0xfc,0x00,0x00,  //.....#@#...
0x00,0x00,0x4f,0xf5,0x00,0x00,  //....*@@*...
0x00,0x00,0xaf,0xf0,0x00,0x00,  //....%@@....
0x00,0x00,0xff,0x90,0x00,0x00,  //....@@%....
0x00,0x06,0xff,0x40,0x00,0x00,  //...*@@*....
0x00,0x0c,0xfd,0x00,0x00,0x00,  //...#@#.....
0x00,0x2f,0xf8,0x00,0x00,0x00,  //..+@@%.....
0x00,0x8f,0xf1,0x00,0x00,0x00,  //..%@@+.....
0x00,0xef,0xc0,0x00,0x00,0x00,  //..#@#......
0x04,0xff,0x50,0x00,0x00,0x00,  //.*@@*......
0x0a,0xff,0x00,0x00,0x00,0x00,  //.%@@.......
0x0f,0xf9,0x00,0x00,0x00,0x00,  //.@@%.......
0x7f,0xf4,0x00,0x00,0x00,0x00,  //*@@*.......


/* 0 */
0x00,0x01,0xaf,0xff,0xd7,0x00,0x00,  //...+%@@@#*...
0x00,0x2e,0xff,0xff,0xff,0xc0,0x00,  //..+#@@@@@@#..
0x01,0xef,0xfd,0x79,0xef,0xfb,0x00,  //.+#@@#*%#@@%.
0x09,0xff,0xb0,0x00,0x2e,0xff,0x30,  //.%@@%...+#@@*
0x0e,0xff,0x10,0x00,0x07,0xff,0xa0,  //.#@@+....*@@%
0x3f,0xfc,0x00,0x00,0x01,0xff,0xe0,  //*@@#.....+@@#
0x7f,0xf8,0x00,0x00,0x00,0xef,0xf0,  //*@@%......#@@
0x9f,0xf7,0x00,0x00,0x00,0xbf,0xf0,  //%@@*......%@@
0xbf,0xf4,0x00,0x00,0x00,0xbf,0xf0,  //%@@*......%@@
0xbf,0xf3,0x00,0x00,0x00,0xbf,0xf0,  //%@@*......%@@
0xbf,0xf3,0x00,0x00,0x00,0xbf,0xf0,  //%@@*......%@@
0xbf,0xf3,0x00,0x00,0x00,0xbf,0xf0,  //%@@*......%@@
0xaf,0xf7,0x00,0x00,0x00,0xbf,0xf0,  //%@@*......%@@
0x7f,0xf7,0x00,0x00,0x00,0xdf,0xf0,  //*@@*......#@@
0x4f,0xfb,0x00,0x00,0x00,0xff,0xf0,  //*@@%......@@@
0x0f,0xff,0x00,0x00,0x05,0xff,0xa0,  //.@@@.....*@@%
0x0a,0xff,0x90,0x00,0x0d,0xff,0x50,  //.%@@%....#@@*
0x02,0xff,0xfa,0x56,0xdf,0xfc,0x00,  //.+@@@%**#@@#.
0x00,0x5f,0xff,0xff,0xff,0xe2,0x00,  //..*@@@@@@@#+.
0x00,0x04,0xdf,0xff,0xfb,0x10,0x00,  //...*#@@@@%+..


/* 1 */
0x00,0x00,0x3b,0xb8,  //....*%%%
0x00,0x1a,0xff,0xfb,  //..+%@@@%
0x07,0xff,0xff,0xfb,  //.*@@@@@%
0xef,0xff,0xcf,0xfb,  //#@@@#@@%
0xff,0xc3,0x3f,0xfb,  //@@#**@@%
0xd5,0x00,0x3f,0xfb,  //#*..*@@%
0x00,0x00,0x3f,0xfb,  //....*@@%
0x00,0x00,0x3f,0xfb,  //....*@@%
0x00,0x00,0x3f,0xfb,  //....*@@%
0x00,0x00,0x3f,0xfb,  //....*@@%
0x00,0x00,0x3f,0xfb,  //....*@@%
0x00,0x00,0x3f,0xfb,  //....*@@%
0x00,0x00,0x3f,0xfb,  //....*@@%
0x00,0x00,0x3f,0xfb,  //....*@@%
0x00,0x00,0x3f,0xfb,  //....*@@%
0x00,0x00,0x3f,0xfb,  //....*@@%
0x00,0x00,0x3f,0xfb,  //....*@@%
0x00,0x00,0x3f,0xfb,  //....*@@%
0x00,0x00,0x3f,0xfb,  //....*@@%
0x00,0x00,0x3f,0xfb,  //....*@@%


/* 2 */
0x00,0x03,0xaf,0xff,0xe9,0x00,0x00,  //...*%@@@#%...
0x00,0x9f,0xff,0xff,0xff,0xe2,0x00,  //..%@@@@@@@#+.
0x08,0xff,0xfa,0x79,0xff,0xfd,0x00,  //.%@@@%*%@@@#.
0x1f,0xfe,0x30,0x00,0x2e,0xff,0x50,  //+@@#*...+#@@*
0x6f,0xf5,0x00,0x00,0x08,0xff,0x80,  //*@@*.....%@@%
0x03,0xa0,0x00,0x00,0x07,0xff,0xb0,  //.*%......*@@%
0x00,0x00,0x00,0x00,0x07,0xff,0x90,  //.........*@@%
0x00,0x00,0x00,0x00,0x0b,0xff,0x60,  //.........%@@*
0x00,0x00,0x00,0x00,0x3f,0xff,0x10,  //........*@@@+
0x00,0x00,0x00,0x00,0xef,0xf7,0x00,  //........#@@*.
0x00,0x00,0x00,0x0c,0xff,0xc0,0x00,  //.......#@@#..
0x00,0x00,0x00,0xaf,0xfe,0x00,0x00,  //......%@@#...
0x00,0x00,0x09,0xff,0xe2,0x00,0x00,  //.....%@@#+...
0x00,0x00,0x7f,0xff,0x20,0x00,0x00,  //....*@@@+....
0x00,0x05,0xff,0xf5,0x00,0x00,0x00,  //...*@@@*.....
0x00,0x5f,0xff,0x50,0x00,0x00,0x00,  //..*@@@*......
0x02,0xef,0xf8,0x00,0x00,0x00,0x00,  //.+#@@%.......
0x2e,0xff,0xe7,0x77,0x77,0x77,0x70,  //+#@@#********
0xbf,0xff,0xff,0xff,0xff,0xff,0xf0,  //%@@@@@@@@@@@@
0xbf,0xff,0xff,0xff,0xff,0xff,0xf0,  //%@@@@@@@@@@@@


/* 3 */
0x00,0x05,0xcf,0xff,0xd8,0x00,0x00,  //...*#@@@#%...
0x00,0xbf,0xff,0xff,0xff,0xe2,0x00,  //..%@@@@@@@#+.
0x0a,0xff,0xe9,0x79,0xff,0xfc,0x00,  //.%@@#%*%@@@#.
0x3f,0xfd,0x10,0x00,0x2f,0xff,0x40,  //*@@#+...+@@@*
0x4e,0xf3,0x00,0x00,0x09,0xff,0x70,  //*#@*.....%@@*
0x00,0x60,0x00,0x00,0x07,0xff,0x70,  //..*......*@@*
0x00,0x00,0x00,0x00,0x0c,0xff,0x50,  //.........#@@*
0x00,0x00,0x00,0x00,0x6f,0xfe,0x00,  //........*@@#.
0x00,0x00,0x17,0x8d,0xff,0xf4,0x00,  //....+*%#@@@*.
0x00,0x00,0x3f,0xff,0xff,0x30,0x00,  //....*@@@@@*..
0x00,0x00,0x3f,0xff,0xff,0xf8,0x00,  //....*@@@@@@%.
0x00,0x00,0x00,0x03,0x9f,0xff,0x60,  //.......*%@@@*
0x00,0x00,0x00,0x00,0x06,0xff,0xe0,  //.........*@@#
0x00,0x00,0x00,0x00,0x00,0xef,0xf0,  //..........#@@
0x00,0x20,0x00,0x00,0x00,0xcf,0xf0,  //..+.......#@@
0x3d,0xd0,0x00,0x00,0x00,0xff,0xf0,  //*##.......@@@
0x9f,0xf9,0x00,0x00,0x09,0xff,0xd0,  //%@@%.....%@@#
0x1e,0xff,0xd6,0x35,0xbf,0xff,0x60,  //+#@@#***%@@@*
0x02,0xef,0xff,0xff,0xff,0xf9,0x00,  //.+#@@@@@@@@%.
0x00,0x19,0xef,0xff,0xfc,0x40,0x00,  //..+%#@@@@#*..


/* 4 */
0x00,0x00,0x00,0x0b,0xbb,0x00,0x00,  //.......%%%....
0x00,0x00,0x00,0x7f,0xf9,0x00,0x00,  //......*@@%....
0x00,0x00,0x00,0xef,0xf1,0x00,0x00,  //......#@@+....
0x00,0x00,0x08,0xff,0x70,0x00,0x00,  //.....%@@*.....
0x00,0x00,0x1f,0xfe,0x00,0x00,0x00,  //....+@@#......
0x00,0x00,0x9f,0xf7,0x00,0x00,0x00,  //....%@@*......
0x00,0x01,0xff,0xd0,0x00,0x00,0x00,  //...+@@#.......
0x00,0x0b,0xff,0x50,0x00,0x00,0x00,  //...%@@*.......
0x00,0x3f,0xfd,0x00,0x3f,0xf7,0x00,  //..*@@#..*@@*..
0x00,0xbf,0xf4,0x00,0x3f,0xf7,0x00,  //..%@@*..*@@*..
0x03,0xff,0xb0,0x00,0x3f,0xf7,0x00,  //.*@@%...*@@*..
0x0d,0xff,0x30,0x00,0x3f,0xf7,0x00,  //.#@@*...*@@*..
0x5f,0xfb,0x00,0x00,0x3f,0xf7,0x00,  //*@@%....*@@*..
0xdf,0xfd,0xbb,0xbb,0xcf,0xfd,0xbb,  //#@@#%%%%#@@#%%
0xff,0xff,0xff,0xff,0xff,0xff,0xff,  //@@@@@@@@@@@@@@
0xbb,0xbb,0xbb,0xbb,0xcf,0xfd,0xbb,  //%%%%%%%%#@@#%%
0x00,0x00,0x00,0x00,0x3f,0xf7,0x00,  //........*@@*..
0x00,0x00,0x00,0x00,0x3f,0xf7,0x00,  //........*@@*..
0x00,0x00,0x00,0x00,0x3f,0xf7,0x00,  //........*@@*..
0x00,0x00,0x00,0x00,0x3f,0xf7,0x00,  //........*@@*..


/* 5 */
0x05,0xbb,0xbb,0xbb,0xbb,0xb2,  //.*%%%%%%%%%+
0x07,0xff,0xff,0xff,0xff,0xf3,  //.*@@@@@@@@@*
0x0b,0xff,0xbb,0xbb,0xbb,0xb2,  //.%@@%%%%%%%+
0x0b,0xff,0x00,0x00,0x00,0x00,  //.%@@........
0x0f,0xfc,0x00,0x00,0x00,0x00,  //.@@#........
0x0f,0xfb,0x00,0x00,0x00,0x00,  //.@@%........
0x3f,0xf7,0x00,0x00,0x00,0x00,  //*@@*........
0x4f,0xf9,0x6a,0xb7,0x20,0x00,  //*@@%*%%*+...
0x7f,0xff,0xff,0xff,0xfa,0x00,  //*@@@@@@@@%..
0x8f,0xff,0xff,0xff,0xff,0xc0,  //%@@@@@@@@@#.
0xbf,0xf7,0x00,0x06,0xff,0xf6,  //%@@*...*@@@*
0x07,0x70,0x00,0x00,0x7f,0xfd,  //.**.....*@@#
0x00,0x00,0x00,0x00,0x0f,0xff,  //.........@@@
0x00,0x00,0x00,0x00,0x0f,0xff,  //.........@@@
0x00,0x00,0x00,0x00,0x0f,0xff,  //.........@@@
0x09,0x50,0x00,0x00,0x2f,0xfe,  //.%*.....+@@#
0xef,0xd0,0x00,0x00,0xbf,0xf9,  //#@#.....%@@%
0x9f,0xfd,0x63,0x5b,0xff,0xe1,  //%@@#***%@@#+
0x0c,0xff,0xff,0xff,0xfe,0x50,  //.#@@@@@@@#*.
0x00,0x8e,0xff,0xff,0xa2,0x00,  //..%#@@@@%+..


/* 6 */
0x00,0x00,0x00,0x0a,0xbb,0x30,0x00,  //.......%%%*...
0x00,0x00,0x00,0x6f,0xfb,0x00,0x00,  //......*@@%....
0x00,0x00,0x00,0xef,0xf2,0x00,0x00,  //......#@@+....
0x00,0x00,0x0a,0xff,0x70,0x00,0x00,  //.....%@@*.....
0x00,0x00,0x3f,0xfd,0x00,0x00,0x00,  //....*@@#......
0x00,0x00,0xdf,0xf4,0x00,0x00,0x00,  //....#@@*......
0x00,0x07,0xff,0xa0,0x00,0x00,0x00,  //...*@@%.......
0x00,0x1f,0xff,0x47,0x31,0x00,0x00,  //..+@@@***+....
0x00,0xbf,0xff,0xff,0xff,0x90,0x00,  //..%@@@@@@@%...
0x03,0xff,0xff,0xff,0xff,0xfc,0x00,  //.*@@@@@@@@@#..
0x0b,0xff,0xe7,0x33,0x7e,0xff,0xb0,  //.%@@#****#@@%.
0x2f,0xff,0x30,0x00,0x03,0xff,0xf2,  //+@@@*....*@@@+
0x7f,0xfa,0x00,0x00,0x00,0xaf,0xf7,  //*@@%......%@@*
0x7f,0xf7,0x00,0x00,0x00,0x7f,0xf7,  //*@@*......*@@*
0x7f,0xf7,0x00,0x00,0x00,0x7f,0xf7,  //*@@*......*@@*
0x5f,0xfb,0x00,0x00,0x00,0xcf,0xf6,  //*@@%......#@@*
0x0f,0xff,0x50,0x00,0x05,0xff,0xf1,  //.@@@*....*@@@+
0x07,0xff,0xf9,0x44,0x9f,0xff,0x70,  //.*@@@%**%@@@*.
0x00,0x9f,0xff,0xff,0xff,0xf9,0x00,  //..%@@@@@@@@%..
0x00,0x05,0xdf,0xff,0xfd,0x50,0x00,  //...*#@@@@#*...


/* 7 */
0x5b,0xbb,0xbb,0xbb,0xbb,0xbb,0xb0,  //*%%%%%%%%%%%%
0x7f,0xff,0xff,0xff,0xff,0xff,0xf0,  //*@@@@@@@@@@@@
0x5b,0xbb,0xbb,0xbb,0xbc,0xff,0xe0,  //*%%%%%%%%#@@#
0x00,0x00,0x00,0x00,0x06,0xff,0x80,  //.........*@@%
0x00,0x00,0x00,0x00,0x0d,0xff,0x10,  //.........#@@+
0x00,0x00,0x00,0x00,0x4f,0xfb,0x00,  //........*@@%.
0x00,0x00,0x00,0x00,0xaf,0xf5,0x00,  //........%@@*.
0x00,0x00,0x00,0x01,0xff,0xd0,0x00,  //.......+@@#..
0x00,0x00,0x00,0x07,0xff,0x70,0x00,  //.......*@@*..
0x00,0x00,0x00,0x0e,0xff,0x10,0x00,  //.......#@@+..
0x00,0x00,0x00,0x5f,0xfa,0x00,0x00,  //......*@@%...
0x00,0x00,0x00,0xbf,0xf4,0x00,0x00,  //......%@@*...
0x00,0x00,0x02,0xff,0xd0,0x00,0x00,  //.....+@@#....
0x00,0x00,0x09,0xff,0x70,0x00,0x00,  //.....%@@*....
0x00,0x00,0x0e,0xff,0x10,0x00,0x00,  //.....#@@+....
0x00,0x00,0x5f,0xfa,0x00,0x00,0x00,  //....*@@%.....
0x00,0x00,0xdf,0xf4,0x00,0x00,0x00,  //....#@@*.....
0x00,0x03,0xff,0xd0,0x00,0x00,0x00,  //...*@@#......
0x00,0x09,0xff,0x70,0x00,0x00,0x00,  //...%@@*......
0x00,0x1f,0xff,0x10,0x00,0x00,0x00,  //..+@@@+......


/* 8 */
0x00,0x03,0xaf,0xff,0xe9,0x10,0x00,  //...*%@@@#%+..
0x00,0x8f,0xff,0xff,0xff,0xe2,0x00,  //..%@@@@@@@#+.
0x04,0xff,0xf9,0x77,0xbf,0xfe,0x00,  //.*@@@%**%@@#.
0x0c,0xff,0x60,0x00,0x0b,0xff,0x60,  //.#@@*....%@@*
0x0f,0xff,0x00,0x00,0x04,0xff,0xa0,  //.@@@.....*@@%
0x0f,0xff,0x00,0x00,0x03,0xff,0xb0,  //.@@@.....*@@%
0x0d,0xff,0x30,0x00,0x07,0xff,0x60,  //.#@@*....*@@*
0x06,0xff,0xc3,0x00,0x6f,0xfe,0x00,  //.*@@#*..*@@#.
0x00,0x8f,0xff,0xff,0xff,0xe2,0x00,  //..%@@@@@@@#+.
0x00,0x2d,0xff,0xff,0xff,0xa0,0x00,  //..+#@@@@@@%..
0x03,0xef,0xfd,0xbb,0xef,0xfc,0x00,  //.*#@@#%%#@@#.
0x0e,0xff,0x60,0x00,0x09,0xff,0xa0,  //.#@@*....%@@%
0x6f,0xf9,0x00,0x00,0x00,0xef,0xf0,  //*@@%......#@@
0xbf,0xf5,0x00,0x00,0x00,0xaf,0xf0,  //%@@*......%@@
0xbf,0xf3,0x00,0x00,0x00,0x9f,0xf0,  //%@@*......%@@
0xaf,0xf8,0x00,0x00,0x00,0xcf,0xf0,  //%@@%......#@@
0x5f,0xfe,0x20,0x00,0x05,0xff,0xf0,  //*@@#+....*@@@
0x0d,0xff,0xe8,0x34,0x9f,0xff,0x80,  //.#@@#%**%@@@%
0x02,0xef,0xff,0xff,0xff,0xfb,0x00,  //.+#@@@@@@@@%.
0x00,0x09,0xef,0xff,0xfd,0x60,0x00,  //...%#@@@@#*..


/* 9 */
0x00,0x05,0xcf,0xff,0xd8,0x00,0x00,  //...*#@@@#%...
0x00,0xbf,0xff,0xff,0xff,0xe2,0x00,  //..%@@@@@@@#+.
0x0a,0xff,0xfa,0x78,0xdf,0xfe,0x10,  //.%@@@%*%#@@#+
0x3f,0xff,0x30,0x00,0x0c,0xff,0x90,  //*@@@*....#@@%
0x9f,0xf8,0x00,0x00,0x01,0xff,0xf0,  //%@@%.....+@@@
0xcf,0xf3,0x00,0x00,0x00,0xcf,0xf0,  //#@@*......#@@
0xef,0xf3,0x00,0x00,0x00,0xbf,0xf0,  //#@@*......%@@
0xbf,0xf5,0x00,0x00,0x00,0xef,0xf0,  //%@@*......#@@
0x8f,0xfc,0x00,0x00,0x06,0xff,0xe0,  //%@@#.....*@@#
0x1f,0xff,0xa2,0x00,0x6f,0xff,0x90,  //+@@@%+..*@@@%
0x05,0xff,0xff,0xff,0xff,0xff,0x10,  //.*@@@@@@@@@@+
0x00,0x5e,0xff,0xff,0xff,0xf7,0x00,  //..*#@@@@@@@*.
0x00,0x00,0x57,0x79,0xff,0xd0,0x00,  //....***%@@#..
0x00,0x00,0x00,0x0c,0xff,0x40,0x00,  //.......#@@*..
0x00,0x00,0x00,0x7f,0xfa,0x00,0x00,  //......*@@%...
0x00,0x00,0x01,0xef,0xe1,0x00,0x00,  //.....+#@#+...
0x00,0x00,0x0b,0xff,0x70,0x00,0x00,  //.....%@@*....
0x00,0x00,0x4f,0xfd,0x00,0x00,0x00,  //....*@@#.....
0x00,0x00,0xef,0xf3,0x00,0x00,0x00,  //....#@@*.....
0x00,0x09,0xff,0x90,0x00,0x00,0x00,  //...%@@%......


/* : */
0xcf,0xe0,  //#@#
0xff,0xf0,  //@@@
0xcf,0xe0,  //#@#
0x03,0x00,  //.*.
0x00,0x00,  //...
0x00,0x00,  //...
0x00,0x00,  //...
0x00,0x00,  //...
0x00,0x00,  //...
0x00,0x00,  //...
0x03,0x00,  //.*.
0xcf,0xe0,  //#@#
0xff,0xf0,  //@@@
0xcf,0xe0,  //#@#


/* ; */
0x8f,0xf4,  //%@@*
0xff,0xf7,  //@@@*
0x8f,0xf3,  //%@@*
0x03,0x10,  //.*+.
0x00,0x00,  //....
0x00,0x00,  //....
0x00,0x00,  //....
0x00,0x00,  //....
0x00,0x00,  //....
0x00,0x00,  //....
0x03,0x00,  //.*..
0x9f,0xe2,  //%@#+
0xff,0xf9,  //@@@%
0xbf,0xfb,  //%@@%
0x05,0xf9,  //.*@%
0x05,0xf5,  //.*@*
0x3e,0xc0,  //*##.
0xfc,0x00,  //@#..
0x40,0x00,  //*...


/* < */
0x00,0x00,0x00,0x00,0x00,0x29,0xe0,  //..........+%#
0x00,0x00,0x00,0x00,0x5b,0xff,0xf0,  //........*%@@@
0x00,0x00,0x01,0x7e,0xff,0xff,0xa0,  //.....+*#@@@@%
0x00,0x04,0xaf,0xff,0xfe,0x71,0x00,  //...*%@@@@#*+.
0x06,0xdf,0xff,0xfb,0x50,0x00,0x00,  //.*#@@@@%*....
0xbf,0xff,0xe9,0x20,0x00,0x00,0x00,  //%@@@#%+......
0xbf,0xff,0xa1,0x00,0x00,0x00,0x00,  //%@@@%+.......
0x6d,0xff,0xff,0xb5,0x00,0x00,0x00,  //*#@@@@%*.....
0x00,0x4b,0xff,0xff,0xd7,0x10,0x00,  //..*%@@@@#*+..
0x00,0x00,0x18,0xef,0xff,0xf9,0x30,  //....+%#@@@@%*
0x00,0x00,0x00,0x05,0xcf,0xff,0xf0,  //.......*#@@@@
0x00,0x00,0x00,0x00,0x02,0x9f,0xf0,  //.........+%@@
0x00,0x00,0x00,0x00,0x00,0x00,0x60,  //............*


/* = */
0xbf,0xff,0xff,0xff,0xff,0xff,0xf0,  //%@@@@@@@@@@@@
0xbf,0xff,0xff,0xff,0xff,0xff,0xf0,  //%@@@@@@@@@@@@
0x57,0x77,0x77,0x77,0x77,0x77,0x70,  //*************
0x00,0x00,0x00,0x00,0x00,0x00,0x00,  //.............
0x00,0x00,0x00,0x00,0x00,0x00,0x00,  //.............
0x00,0x00,0x00,0x00,0x00,0x00,0x00,  //.............
0xbf,0xff,0xff,0xff,0xff,0xff,0xf0,  //%@@@@@@@@@@@@
0xbf,0xff,0xff,0xff,0xff,0xff,0xf0,  //%@@@@@@@@@@@@


/* > */
0xbd,0x60,0x00,0x00,0x00,0x00,0x00,  //%#*..........
0xbf,0xff,0x92,0x00,0x00,0x00,0x00,  //%@@@%+.......
0x4d,0xff,0xff,0xc5,0x00,0x00,0x00,  //*#@@@@#*.....
0x00,0x39,0xff,0xff,0xe8,0x10,0x00,  //..*%@@@@#%+..
0x00,0x00,0x17,0xdf,0xff,0xfb,0x40,  //....+*#@@@@%*
0x00,0x00,0x00,0x05,0xbf,0xff,0xf0,  //.......*%@@@@
0x00,0x00,0x00,0x00,0x4c,0xff,0xf0,  //........*#@@@
0x00,0x00,0x00,0x7d,0xff,0xff,0xb0,  //......*#@@@@%
0x00,0x03,0x9f,0xff,0xfe,0x91,0x00,  //...*%@@@@#%+.
0x05,0xcf,0xff,0xfd,0x50,0x00,0x00,  //.*#@@@@#*....
0xbf,0xff,0xf9,0x30,0x00,0x00,0x00,  //%@@@@%*......
0xbf,0xd7,0x10,0x00,0x00,0x00,0x00,  //%@#*+........
0x75,0x00,0x00,0x00,0x00,0x00,0x00,  //**...........


/* ? */
0x00,0x04,0x9b,0xbb,0x60,0x00,  //...*%%%%*...
0x02,0xcf,0xff,0xff,0xfe,0x50,  //.+#@@@@@@#*.
0x1e,0xff,0xfc,0xdf,0xff,0xf2,  //+#@@@##@@@@+
0xbf,0xfa,0x10,0x02,0xdf,0xfa,  //%@@%+..+#@@%
0xef,0xc0,0x00,0x00,0x4f,0xfd,  //#@#.....*@@#
0x09,0x30,0x00,0x00,0x3f,0xfd,  //.%*.....*@@#
0x00,0x00,0x00,0x00,0x7f,0xf9,  //........*@@%
0x00,0x00,0x00,0x05,0xff,0xe1,  //.......*@@#+
0x00,0x00,0x00,0x5f,0xfe,0x20,  //......*@@#+.
0x00,0x00,0x05,0xff,0xe2,0x00,  //.....*@@#+..
0x00,0x00,0x2f,0xfe,0x20,0x00,  //....+@@#+...
0x00,0x00,0x9f,0xf3,0x00,0x00,  //....%@@*....
0x00,0x00,0xdf,0xc0,0x00,0x00,  //....#@#.....
0x00,0x00,0xdf,0x80,0x00,0x00,  //....#@%.....
0x00,0x00,0xbf,0x80,0x00,0x00,  //....%@%.....
0x00,0x00,0x13,0x20,0x00,0x00,  //....+*+.....
0x00,0x00,0x00,0x00,0x00,0x00,  //............
0x00,0x00,0x03,0x10,0x00,0x00,  //.....*+.....
0x00,0x00,0x8f,0xf3,0x00,0x00,  //....%@@*....
0x00,0x00,0xff,0xf7,0x00,0x00,  //....@@@*....
0x00,0x00,0x8f,0xf3,0x00,0x00,  //....%@@*....


/* @ */
0x00,0x00,0x00,0x00,0x27,0xbb,0xcb,0xb9,0x50,0x00,0x00,0x00,0x00,  //........+*%%#%%%*........
0x00,0x00,0x00,0x5d,0xff,0xff,0xff,0xff,0xff,0x91,0x00,0x00,0x00,  //......*#@@@@@@@@@@%+.....
0x00,0x00,0x1c,0xff,0xfc,0x87,0x77,0x7b,0xff,0xfe,0x50,0x00,0x00,  //....+#@@@#%****%@@@#*....
0x00,0x02,0xef,0xf9,0x10,0x00,0x00,0x00,0x07,0xef,0xf5,0x00,0x00,  //...+#@@%+........*#@@*...
0x00,0x1e,0xfe,0x30,0x00,0x00,0x00,0x00,0x00,0x1c,0xff,0x30,0x00,  //..+#@#*...........+#@@*..
0x00,0xbf,0xe2,0x00,0x00,0x00,0x00,0x00,0x00,0x00,0xdf,0xd0,0x00,  //..%@#+..............#@#..
0x05,0xff,0x40,0x00,0x07,0xef,0xfd,0x40,0xbb,0x20,0x3f,0xf6,0x00,  //.*@@*....*#@@#*.%%+.*@@*.
0x0c,0xfb,0x00,0x00,0xcf,0xff,0xff,0xf7,0xff,0x30,0x0b,0xfd,0x00,  //.#@%....#@@@@@@*@@*..%@#.
0x1f,0xf4,0x00,0x0a,0xff,0xd7,0x79,0xff,0xff,0x30,0x05,0xff,0x10,  //+@@*...%@@#**%@@@@*..*@@+
0x6f,0xf0,0x00,0x2f,0xfc,0x00,0x00,0x5f,0xff,0x30,0x00,0xff,0x40,  //*@@...+@@#....*@@@*...@@*
0x8f,0xb0,0x00,0x7f,0xf4,0x00,0x00,0x0a,0xff,0x30,0x00,0xff,0x70,  //%@%...*@@*.....%@@*...@@*
0xbf,0xb0,0x00,0xaf,0xf0,0x00,0x00,0x07,0xff,0x30,0x00,0xbf,0x70,  //%@%...%@@......*@@*...%@*
0xbf,0xb0,0x00,0xbf,0xf0,0x00,0x00,0x07,0xff,0x30,0x00,0xbf,0x70,  //%@%...%@@......*@@*...%@*
0xbf,0xb0,0x00,0xaf,0xf0,0x00,0x00,0x07,0xff,0x30,0x00,0xef,0x70,  //%@%...%@@......*@@*...#@*
0x7f,0xc0,0x00,0x7f,0xf4,0x00,0x00,0x0a,0xff,0x30,0x00,0xff,0x40,  //*@#...*@@*.....%@@*...@@*
0x5f,0xf0,0x00,0x2f,0xfc,0x00,0x00,0x4f,0xff,0x40,0x05,0xff,0x10,  //*@@...+@@#....*@@@*..*@@+
0x1f,0xf5,0x00,0x0a,0xff,0xd7,0x79,0xff,0xef,0xc3,0x4e,0xfa,0x00,  //+@@*...%@@#**%@@#@#**#@%.
0x0b,0xfd,0x00,0x00,0xcf,0xff,0xff,0xf5,0x7f,0xff,0xff,0xe1,0x00,  //.%@#....#@@@@@@**@@@@@#+.
0x03,0xff,0x70,0x00,0x07,0xdf,0xfc,0x40,0x07,0xef,0xfb,0x20,0x00,  //.*@@*....*#@@#*..*#@@%+..
0x00,0xaf,0xf5,0x00,0x00,0x00,0x00,0x00,0x00,0x00,0x00,0x00,0x00,  //..%@@*...................
0x00,0x0c,0xff,0x70,0x00,0x00,0x00,0x00,0x00,0x00,0x00,0x00,0x00,  //...#@@*..................
0x00,0x02,0xcf,0xfd,0x50,0x00,0x00,0x00,0x5d,0x50,0x00,0x00,0x00,  //...+#@@#*.......*#*......
0x00,0x00,0x0a,0xff,0xff,0xcb,0xbb,0xcf,0xff,0xe0,0x00,0x00,0x00,  //.....%@@@@#%%%#@@@#......
0x00,0x00,0x00,0x3a,0xff,0xff,0xff,0xff,0xf9,0x10,0x00,0x00,0x00,  //......*%@@@@@@@@@%+......
0x00,0x00,0x00,0x00,0x04,0x77,0x87,0x74,0x00,0x00,0x00,0x00,0x00,  //.........***%***.........


/* A */
0x00,0x00,0x00,0x03,0xbb,0x40,0x00,0x00,0x00,  //.......*%%*.......
0x00,0x00,0x00,0x09,0xff,0xc0,0x00,0x00,0x00,  //.......%@@#.......
0x00,0x00,0x00,0x0f,0xff,0xf2,0x00,0x00,0x00,  //.......@@@@+......
0x00,0x00,0x00,0x6f,0xff,0xf9,0x00,0x00,0x00,  //......*@@@@%......
0x00,0x00,0x00,0xcf,0xcd,0xfe,0x00,0x00,0x00,  //......#@##@#......
0x00,0x00,0x02,0xff,0x66,0xff,0x60,0x00,0x00,  //.....+@@**@@*.....
0x00,0x00,0x09,0xff,0x01,0xff,0xd0,0x00,0x00,  //.....%@@.+@@#.....
0x00,0x00,0x0e,0xfa,0x00,0xaf,0xf3,0x00,0x00,  //.....#@%..%@@*....
0x00,0x00,0x5f,0xf5,0x00,0x4f,0xf9,0x00,0x00,  //....*@@*..*@@%....
0x00,0x00,0xbf,0xe0,0x00,0x0e,0xff,0x00,0x00,  //....%@#....#@@....
0x00,0x01,0xff,0x90,0x00,0x08,0xff,0x60,0x00,  //...+@@%....%@@*...
0x00,0x08,0xff,0x30,0x00,0x01,0xff,0xd0,0x00,  //...%@@*....+@@#...
0x00,0x0d,0xff,0xbb,0xbb,0xbb,0xff,0xf3,0x00,  //...#@@%%%%%%@@@*..
0x00,0x4f,0xff,0xff,0xff,0xff,0xff,0xf9,0x00,  //..*@@@@@@@@@@@@%..
0x00,0xaf,0xfb,0xbb,0xbb,0xbb,0xbe,0xff,0x00,  //..%@@%%%%%%%%#@@..
0x00,0xff,0xb0,0x00,0x00,0x00,0x09,0xff,0x60,  //..@@%........%@@*.
0x06,0xff,0x50,0x00,0x00,0x00,0x03,0xff,0xd0,  //.*@@*........*@@#.
0x0d,0xff,0x00,0x00,0x00,0x00,0x00,0xdf,0xf3,  //.#@@..........#@@*
0x3f,0xf9,0x00,0x00,0x00,0x00,0x00,0x7f,0xf9,  //*@@%..........*@@%
0x9f,0xf4,0x00,0x00,0x00,0x00,0x00,0x1f,0xff,  //%@@*..........+@@@


/* B */
0x8b,0xbb,0xbb,0xbb,0xa6,0x10,0x00,0x00,  //%%%%%%%%%*+....
0xbf,0xff,0xff,0xff,0xff,0xf8,0x00,0x00,  //%@@@@@@@@@@%...
0xbf,0xfc,0xbb,0xbc,0xff,0xff,0x90,0x00,  //%@@#%%%#@@@@%..
0xbf,0xf3,0x00,0x00,0x07,0xff,0xf4,0x00,  //%@@*.....*@@@*.
0xbf,0xf3,0x00,0x00,0x00,0x9f,0xf9,0x00,  //%@@*......%@@%.
0xbf,0xf3,0x00,0x00,0x00,0x3f,0xfb,0x00,  //%@@*......*@@%.
0xbf,0xf3,0x00,0x00,0x00,0x6f,0xfa,0x00,  //%@@*......*@@%.
0xbf,0xf3,0x00,0x00,0x02,0xef,0xf5,0x00,  //%@@*.....+#@@*.
0xbf,0xf6,0x33,0x35,0x9e,0xff,0xc0,0x00,  //%@@*****%#@@#..
0xbf,0xff,0xff,0xff,0xff,0xfb,0x00,0x00,  //%@@@@@@@@@@%...
0xbf,0xff,0xff,0xff,0xff,0xff,0xc2,0x00,  //%@@@@@@@@@@@#+.
0xbf,0xf3,0x00,0x00,0x35,0xdf,0xfe,0x00,  //%@@*....**#@@#.
0xbf,0xf3,0x00,0x00,0x00,0x0c,0xff,0x80,  //%@@*.......#@@%
0xbf,0xf3,0x00,0x00,0x00,0x04,0xff,0xb0,  //%@@*.......*@@%
0xbf,0xf3,0x00,0x00,0x00,0x03,0xff,0xb0,  //%@@*.......*@@%
0xbf,0xf3,0x00,0x00,0x00,0x06,0xff,0xb0,  //%@@*.......*@@%
0xbf,0xf3,0x00,0x00,0x00,0x3e,0xff,0x60,  //%@@*......*#@@*
0xbf,0xf9,0x77,0x77,0x9c,0xff,0xfd,0x00,  //%@@%****%#@@@#.
0xbf,0xff,0xff,0xff,0xff,0xff,0xc2,0x00,  //%@@@@@@@@@@@#+.
0xbf,0xff,0xff,0xff,0xfd,0xa5,0x00,0x00,  //%@@@@@@@@#%*...


/* C */
0x00,0x00,0x03,0x9d,0xff,0xfd,0x70,0x00,  //.....*%#@@@#*...
0x00,0x00,0x8f,0xff,0xff,0xff,0xfe,0x50,  //....%@@@@@@@@#*.
0x00,0x0c,0xff,0xfd,0x97,0xae,0xff,0xf4,  //...#@@@#%*%#@@@*
0x00,0xbf,0xfe,0x40,0x00,0x00,0x9f,0xfe,  //..%@@#*.....%@@#
0x05,0xff,0xe2,0x00,0x00,0x00,0x0a,0xf8,  //.*@@#+.......%@%
0x0d,0xff,0x60,0x00,0x00,0x00,0x01,0x20,  //.#@@*........++.
0x2f,0xfe,0x00,0x00,0x00,0x00,0x00,0x00,  //+@@#............
0x7f,0xf9,0x00,0x00,0x00,0x00,0x00,0x00,  //*@@%............
0xaf,0xf7,0x00,0x00,0x00,0x00,0x00,0x00,  //%@@*............
0xbf,0xf4,0x00,0x00,0x00,0x00,0x00,0x00,  //%@@*............
0xbf,0xf3,0x00,0x00,0x00,0x00,0x00,0x00,  //%@@*............
0xaf,0xf7,0x00,0x00,0x00,0x00,0x00,0x00,  //%@@*............
0x7f,0xf9,0x00,0x00,0x00,0x00,0x00,0x00,  //*@@%............
0x4f,0xfd,0x00,0x00,0x00,0x00,0x00,0x00,  //*@@#............
0x0e,0xff,0x50,0x00,0x00,0x00,0x00,0x00,  //.#@@*...........
0x07,0xff,0xd0,0x00,0x00,0x00,0x08,0xe5,  //.*@@#........%#*
0x00,0xcf,0xfc,0x10,0x00,0x00,0x6f,0xff,  //..#@@#+.....*@@@
0x00,0x2e,0xff,0xf9,0x63,0x7c,0xff,0xf7,  //..+#@@@%***#@@@*
0x00,0x01,0xcf,0xff,0xff,0xff,0xff,0x80,  //...+#@@@@@@@@@%.
0x00,0x00,0x05,0xcf,0xff,0xff,0xb3,0x00,  //.....*#@@@@@%*..


/* D */
0x8b,0xbb,0xbb,0xbb,0x74,0x00,0x00,0x00,  //%%%%%%%%**......
0xbf,0xff,0xff,0xff,0xff,0xe7,0x00,0x00,  //%@@@@@@@@@#*....
0xbf,0xfc,0xbb,0xbe,0xff,0xff,0xc0,0x00,  //%@@#%%%#@@@@#...
0xbf,0xf3,0x00,0x00,0x17,0xef,0xfd,0x00,  //%@@*....+*#@@#..
0xbf,0xf3,0x00,0x00,0x00,0x2c,0xff,0xb0,  //%@@*......+#@@%.
0xbf,0xf3,0x00,0x00,0x00,0x02,0xef,0xf3,  //%@@*.......+#@@*
0xbf,0xf3,0x00,0x00,0x00,0x00,0x7f,0xfa,  //%@@*........*@@%
0xbf,0xf3,0x00,0x00,0x00,0x00,0x2f,0xfe,  //%@@*........+@@#
0xbf,0xf3,0x00,0x00,0x00,0x00,0x0f,0xff,  //%@@*.........@@@
0xbf,0xf3,0x00,0x00,0x00,0x00,0x0b,0xff,  //%@@*.........%@@
0xbf,0xf3,0x00,0x00,0x00,0x00,0x0b,0xff,  //%@@*.........%@@
0xbf,0xf3,0x00,0x00,0x00,0x00,0x0e,0xff,  //%@@*.........#@@
0xbf,0xf3,0x00,0x00,0x00,0x00,0x1f,0xff,  //%@@*........+@@@
0xbf,0xf3,0x00,0x00,0x00,0x00,0x6f,0xfa,  //%@@*........*@@%
0xbf,0xf3,0x00,0x00,0x00,0x00,0xef,0xf5,  //%@@*........#@@*
0xbf,0xf3,0x00,0x00,0x00,0x0c,0xff,0xc0,  //%@@*.......#@@#.
0xbf,0xf3,0x00,0x00,0x04,0xdf,0xfe,0x20,  //%@@*.....*#@@#+.
0xbf,0xf9,0x77,0x7a,0xef,0xff,0xe2,0x00,  //%@@%***%#@@@#+..
0xbf,0xff,0xff,0xff,0xff,0xfb,0x10,0x00,  //%@@@@@@@@@@%+...
0xbf,0xff,0xff,0xff,0xb8,0x20,0x00,0x00,  //%@@@@@@@%%+.....


/* E */
0x8b,0xbb,0xbb,0xbb,0xbb,0xbb,0x80,  //%%%%%%%%%%%%%
0xbf,0xff,0xff,0xff,0xff,0xff,0xb0,  //%@@@@@@@@@@@%
0xbf,0xfc,0xbb,0xbb,0xbb,0xbb,0x80,  //%@@#%%%%%%%%%
0xbf,0xf3,0x00,0x00,0x00,0x00,0x00,  //%@@*.........
0xbf,0xf3,0x00,0x00,0x00,0x00,0x00,  //%@@*.........
0xbf,0xf3,0x00,0x00,0x00,0x00,0x00,  //%@@*.........
0xbf,0xf3,0x00,0x00,0x00,0x00,0x00,  //%@@*.........
0xbf,0xf3,0x00,0x00,0x00,0x00,0x00,  //%@@*.........
0xbf,0xf9,0x77,0x77,0x77,0x75,0x00,  //%@@%********.
0xbf,0xff,0xff,0xff,0xff,0xfb,0x00,  //%@@@@@@@@@@%.
0xbf,0xff,0xff,0xff,0xff,0xfb,0x00,  //%@@@@@@@@@@%.
0xbf,0xf3,0x00,0x00,0x00,0x00,0x00,  //%@@*.........
0xbf,0xf3,0x00,0x00,0x00,0x00,0x00,  //%@@*.........
0xbf,0xf3,0x00,0x00,0x00,0x00,0x00,  //%@@*.........
0xbf,0xf3,0x00,0x00,0x00,0x00,0x00,  //%@@*.........
0xbf,0xf3,0x00,0x00,0x00,0x00,0x00,  //%@@*.........
0xbf,0xf3,0x00,0x00,0x00,0x00,0x00,  //%@@*.........
0xbf,0xf9,0x77,0x77,0x77,0x77,0x70,  //%@@%*********
0xbf,0xff,0xff,0xff,0xff,0xff,0xf0,  //%@@@@@@@@@@@@
0xbf,0xff,0xff,0xff,0xff,0xff,0xf0,  //%@@@@@@@@@@@@


/* F */
0x8b,0xbb,0xbb,0xbb,0xbb,0xbb,0x80,  //%%%%%%%%%%%%%
0xbf,0xff,0xff,0xff,0xff,0xff,0xb0,  //%@@@@@@@@@@@%
0xbf,0xfc,0xbb,0xbb,0xbb,0xbb,0x80,  //%@@#%%%%%%%%%
0xbf,0xf3,0x00,0x00,0x00,0x00,0x00,  //%@@*.........
0xbf,0xf3,0x00,0x00,0x00,0x00,0x00,  //%@@*.........
0xbf,0xf3,0x00,0x00,0x00,0x00,0x00,  //%@@*.........
0xbf,0xf3,0x00,0x00,0x00,0x00,0x00,  //%@@*.........
0xbf,0xf3,0x00,0x00,0x00,0x00,0x00,  //%@@*.........
0xbf,0xf3,0x00,0x00,0x00,0x00,0x00,  //%@@*.........
0xbf,0xff,0xff,0xff,0xff,0xfb,0x00,  //%@@@@@@@@@@%.
0xbf,0xff,0xff,0xff,0xff,0xfb,0x00,  //%@@@@@@@@@@%.
0xbf,0xf9,0x77,0x77,0x77,0x75,0x00,  //%@@%********.
0xbf,0xf3,0x00,0x00,0x00,0x00,0x00,  //%@@*.........
0xbf,0xf3,0x00,0x00,0x00,0x00,0x00,  //%@@*.........
0xbf,0xf3,0x00,0x00,0x00,0x00,0x00,  //%@@*.........
0xbf,0xf3,0x00,0x00,0x00,0x00,0x00,  //%@@*.........
0xbf,0xf3,0x00,0x00,0x00,0x00,0x00,  //%@@*.........
0xbf,0xf3,0x00,0x00,0x00,0x00,0x00,  //%@@*.........
0xbf,0xf3,0x00,0x00,0x00,0x00,0x00,  //%@@*.........
0xbf,0xf3,0x00,0x00,0x00,0x00,0x00,  //%@@*.........


/* G */
0x00,0x00,0x01,0x8c,0xff,0xff,0xa5,0x00,0x00,  //.....+%#@@@@%*...
0x00,0x00,0x7f,0xff,0xff,0xff,0xff,0xc1,0x00,  //....*@@@@@@@@@#+.
0x00,0x0b,0xff,0xfe,0xa7,0x9c,0xff,0xfd,0x00,  //...%@@@#%*%#@@@#.
0x00,0x9f,0xfe,0x60,0x00,0x00,0x3e,0xff,0x90,  //..%@@#*.....*#@@%
0x04,0xff,0xf2,0x00,0x00,0x00,0x02,0xe9,0x00,  //.*@@@+.......+#%.
0x0d,0xff,0x70,0x00,0x00,0x00,0x00,0x10,0x00,  //.#@@*.........+..
0x2f,0xfe,0x00,0x00,0x00,0x00,0x00,0x00,0x00,  //+@@#.............
0x7f,0xf9,0x00,0x00,0x00,0x00,0x00,0x00,0x00,  //*@@%.............
0xaf,0xf6,0x00,0x00,0x00,0x00,0x00,0x00,0x00,  //%@@*.............
0xbf,0xf3,0x00,0x00,0x00,0x77,0x77,0x77,0x70,  //%@@*......*******
0xbf,0xf3,0x00,0x00,0x00,0xff,0xff,0xff,0xf0,  //%@@*......@@@@@@@
0xaf,0xf6,0x00,0x00,0x00,0xff,0xff,0xff,0xf0,  //%@@*......@@@@@@@
0x7f,0xf9,0x00,0x00,0x00,0x00,0x00,0xff,0xf0,  //*@@%..........@@@
0x3f,0xfd,0x00,0x00,0x00,0x00,0x00,0xff,0xf0,  //*@@#..........@@@
0x0d,0xff,0x60,0x00,0x00,0x00,0x00,0xff,0xf0,  //.#@@*.........@@@
0x06,0xff,0xe2,0x00,0x00,0x00,0x00,0xff,0xf0,  //.*@@#+........@@@
0x00,0xcf,0xfe,0x40,0x00,0x00,0x04,0xff,0xf0,  //..#@@#*......*@@@
0x00,0x0c,0xff,0xfc,0x75,0x47,0xbf,0xff,0xa0,  //...#@@@#****%@@@%
0x00,0x00,0xbf,0xff,0xff,0xff,0xff,0xf9,0x00,  //....%@@@@@@@@@@%.
0x00,0x00,0x04,0xaf,0xff,0xff,0xfa,0x30,0x00,  //.....*%@@@@@@%*..


/* H */
0x8b,0xb2,0x00,0x00,0x00,0x00,0x08,0xbb,  //%%%+.........%%%
0xbf,0xf3,0x00,0x00,0x00,0x00,0x0b,0xff,  //%@@*.........%@@
0xbf,0xf3,0x00,0x00,0x00,0x00,0x0b,0xff,  //%@@*.........%@@
0xbf,0xf3,0x00,0x00,0x00,0x00,0x0b,0xff,  //%@@*.........%@@
0xbf,0xf3,0x00,0x00,0x00,0x00,0x0b,0xff,  //%@@*.........%@@
0xbf,0xf3,0x00,0x00,0x00,0x00,0x0b,0xff,  //%@@*.........%@@
0xbf,0xf3,0x00,0x00,0x00,0x00,0x0b,0xff,  //%@@*.........%@@
0xbf,0xf3,0x00,0x00,0x00,0x00,0x0b,0xff,  //%@@*.........%@@
0xbf,0xf9,0x77,0x77,0x77,0x77,0x7d,0xff,  //%@@%*********#@@
0xbf,0xff,0xff,0xff,0xff,0xff,0xff,0xff,  //%@@@@@@@@@@@@@@@
0xbf,0xff,0xff,0xff,0xff,0xff,0xff,0xff,  //%@@@@@@@@@@@@@@@
0xbf,0xf3,0x00,0x00,0x00,0x00,0x0b,0xff,  //%@@*.........%@@
0xbf,0xf3,0x00,0x00,0x00,0x00,0x0b,0xff,  //%@@*.........%@@
0xbf,0xf3,0x00,0x00,0x00,0x00,0x0b,0xff,  //%@@*.........%@@
0xbf,0xf3,0x00,0x00,0x00,0x00,0x0b,0xff,  //%@@*.........%@@
0xbf,0xf3,0x00,0x00,0x00,0x00,0x0b,0xff,  //%@@*.........%@@
0xbf,0xf3,0x00,0x00,0x00,0x00,0x0b,0xff,  //%@@*.........%@@
0xbf,0xf3,0x00,0x00,0x00,0x00,0x0b,0xff,  //%@@*.........%@@
0xbf,0xf3,0x00,0x00,0x00,0x00,0x0b,0xff,  //%@@*.........%@@
0xbf,0xf3,0x00,0x00,0x00,0x00,0x0b,0xff,  //%@@*.........%@@


/* I */
0x8b,0xb0,  //%%%
0xbf,0xf0,  //%@@
0xbf,0xf0,  //%@@
0xbf,0xf0,  //%@@
0xbf,0xf0,  //%@@
0xbf,0xf0,  //%@@
0xbf,0xf0,  //%@@
0xbf,0xf0,  //%@@
0xbf,0xf0,  //%@@
0xbf,0xf0,  //%@@
0xbf,0xf0,  //%@@
0xbf,0xf0,  //%@@
0xbf,0xf0,  //%@@
0xbf,0xf0,  //%@@
0xbf,0xf0,  //%@@
0xbf,0xf0,  //%@@
0xbf,0xf0,  //%@@
0xbf,0xf0,  //%@@
0xbf,0xf0,  //%@@
0xbf,0xf0,  //%@@


/* J */
0x00,0x00,0x00,0x00,0xbb,0x80,  //........%%%
0x00,0x00,0x00,0x00,0xff,0xb0,  //........@@%
0x00,0x00,0x00,0x00,0xff,0xb0,  //........@@%
0x00,0x00,0x00,0x00,0xff,0xb0,  //........@@%
0x00,0x00,0x00,0x00,0xff,0xb0,  //........@@%
0x00,0x00,0x00,0x00,0xff,0xb0,  //........@@%
0x00,0x00,0x00,0x00,0xff,0xb0,  //........@@%
0x00,0x00,0x00,0x00,0xff,0xb0,  //........@@%
0x00,0x00,0x00,0x00,0xff,0xb0,  //........@@%
0x00,0x00,0x00,0x00,0xff,0xb0,  //........@@%
0x00,0x00,0x00,0x00,0xff,0xb0,  //........@@%
0x00,0x00,0x00,0x00,0xff,0xb0,  //........@@%
0x00,0x00,0x00,0x00,0xff,0xb0,  //........@@%
0x00,0x00,0x00,0x00,0xff,0xb0,  //........@@%
0x00,0x00,0x00,0x00,0xff,0xb0,  //........@@%
0x03,0x40,0x00,0x03,0xff,0xb0,  //.**....*@@%
0xbf,0xd0,0x00,0x0a,0xff,0x70,  //%@#....%@@*
0xaf,0xfd,0x64,0xaf,0xff,0x10,  //%@@#**%@@@+
0x1e,0xff,0xff,0xff,0xf5,0x00,  //+#@@@@@@@*.
0x02,0xbf,0xff,0xfd,0x40,0x00,  //.+%@@@@#*..


/* K */
0x8b,0xb2,0x00,0x00,0x00,0x00,0xab,0xb8,0x00,  //%%%+........%%%%.
0xbf,0xf3,0x00,0x00,0x00,0x0c,0xff,0xc0,0x00,  //%@@*.......#@@#..
0xbf,0xf3,0x00,0x00,0x00,0xaf,0xfc,0x00,0x00,  //%@@*......%@@#...
0xbf,0xf3,0x00,0x00,0x09,0xff,0xc0,0x00,0x00,  //%@@*.....%@@#....
0xbf,0xf3,0x00,0x00,0x9f,0xfe,0x10,0x00,0x00,  //%@@*....%@@#+....
0xbf,0xf3,0x00,0x05,0xff,0xe2,0x00,0x00,0x00,  //%@@*...*@@#+.....
0xbf,0xf3,0x00,0x5f,0xfe,0x20,0x00,0x00,0x00,  //%@@*..*@@#+......
0xbf,0xf3,0x04,0xff,0xe2,0x00,0x00,0x00,0x00,  //%@@*.*@@#+.......
0xbf,0xf3,0x2e,0xff,0x50,0x00,0x00,0x00,0x00,  //%@@*+#@@*........
0xbf,0xf6,0xef,0xff,0xc0,0x00,0x00,0x00,0x00,  //%@@*#@@@#........
0xbf,0xff,0xff,0xef,0xf9,0x00,0x00,0x00,0x00,  //%@@@@@#@@%.......
0xbf,0xff,0xf5,0x4f,0xff,0x50,0x00,0x00,0x00,  //%@@@@**@@@*......
0xbf,0xff,0x50,0x08,0xff,0xe2,0x00,0x00,0x00,  //%@@@*..%@@#+.....
0xbf,0xf8,0x00,0x00,0xcf,0xfc,0x00,0x00,0x00,  //%@@%....#@@#.....
0xbf,0xf3,0x00,0x00,0x1e,0xff,0x90,0x00,0x00,  //%@@*....+#@@%....
0xbf,0xf3,0x00,0x00,0x04,0xff,0xf5,0x00,0x00,  //%@@*.....*@@@*...
0xbf,0xf3,0x00,0x00,0x00,0x8f,0xfe,0x20,0x00,  //%@@*......%@@#+..
0xbf,0xf3,0x00,0x00,0x00,0x0c,0xff,0xc0,0x00,  //%@@*.......#@@#..
0xbf,0xf3,0x00,0x00,0x00,0x01,0xef,0xf9,0x00,  //%@@*.......+#@@%.
0xbf,0xf3,0x00,0x00,0x00,0x00,0x4f,0xff,0x50,  //%@@*........*@@@*


/* L */
0x8b,0xb2,0x00,0x00,0x00,0x00,0x00,  //%%%+.........
0xbf,0xf3,0x00,0x00,0x00,0x00,0x00,  //%@@*.........
0xbf,0xf3,0x00,0x00,0x00,0x00,0x00,  //%@@*.........
0xbf,0xf3,0x00,0x00,0x00,0x00,0x00,  //%@@*.........
0xbf,0xf3,0x00,0x00,0x00,0x00,0x00,  //%@@*.........
0xbf,0xf3,0x00,0x00,0x00,0x00,0x00,  //%@@*.........
0xbf,0xf3,0x00,0x00,0x00,0x00,0x00,  //%@@*.........
0xbf,0xf3,0x00,0x00,0x00,0x00,0x00,  //%@@*.........
0xbf,0xf3,0x00,0x00,0x00,0x00,0x00,  //%@@*.........
0xbf,0xf3,0x00,0x00,0x00,0x00,0x00,  //%@@*.........
0xbf,0xf3,0x00,0x00,0x00,0x00,0x00,  //%@@*.........
0xbf,0xf3,0x00,0x00,0x00,0x00,0x00,  //%@@*.........
0xbf,0xf3,0x00,0x00,0x00,0x00,0x00,  //%@@*.........
0xbf,0xf3,0x00,0x00,0x00,0x00,0x00,  //%@@*.........
0xbf,0xf3,0x00,0x00,0x00,0x00,0x00,  //%@@*.........
0xbf,0xf3,0x00,0x00,0x00,0x00,0x00,  //%@@*.........
0xbf,0xf3,0x00,0x00,0x00,0x00,0x00,  //%@@*.........
0xbf,0xf9,0x77,0x77,0x77,0x77,0x50,  //%@@%*********
0xbf,0xff,0xff,0xff,0xff,0xff,0xb0,  //%@@@@@@@@@@@%
0xbf,0xff,0xff,0xff,0xff,0xff,0xb0,  //%@@@@@@@@@@@%


/* M */
0x8b,0xa0,0x00,0x00,0x00,0x00,0x00,0x00,0x3b,0xb0,  //%%%.............*%%
0xbf,0xf7,0x00,0x00,0x00,0x00,0x00,0x00,0xdf,0xf0,  //%@@*............#@@
0xbf,0xff,0x10,0x00,0x00,0x00,0x00,0x07,0xff,0xf0,  //%@@@+..........*@@@
0xbf,0xff,0xb0,0x00,0x00,0x00,0x00,0x2f,0xff,0xf0,  //%@@@%.........+@@@@
0xbf,0xff,0xf6,0x00,0x00,0x00,0x00,0xbf,0xff,0xf0,  //%@@@@*........%@@@@
0xbf,0xfe,0xfe,0x00,0x00,0x00,0x06,0xff,0xef,0xf0,  //%@@#@#.......*@@#@@
0xbf,0xf6,0xff,0xa0,0x00,0x00,0x1e,0xfd,0x7f,0xf0,  //%@@*@@%.....+#@#*@@
0xbf,0xf0,0xbf,0xf3,0x00,0x00,0xaf,0xf3,0x7f,0xf0,  //%@@.%@@*....%@@**@@
0xbf,0xf0,0x2f,0xfd,0x00,0x04,0xff,0x80,0x7f,0xf0,  //%@@.+@@#...*@@%.*@@
0xbf,0xf0,0x07,0xff,0x70,0x0d,0xfe,0x00,0x7f,0xf0,  //%@@..*@@*..#@#..*@@
0xbf,0xf0,0x00,0xdf,0xf2,0x8f,0xf4,0x00,0x7f,0xf0,  //%@@...#@@+%@@*..*@@
0xbf,0xf0,0x00,0x3f,0xfc,0xff,0xa0,0x00,0x7f,0xf0,  //%@@...*@@#@@%...*@@
0xbf,0xf0,0x00,0x08,0xff,0xfe,0x10,0x00,0x7f,0xf0,  //%@@....%@@@#+...*@@
0xbf,0xf0,0x00,0x00,0xdf,0xf6,0x00,0x00,0x7f,0xf0,  //%@@.....#@@*....*@@
0xbf,0xf0,0x00,0x00,0x4b,0x90,0x00,0x00,0x7f,0xf0,  //%@@.....*%%.....*@@
0xbf,0xf0,0x00,0x00,0x00,0x00,0x00,0x00,0x7f,0xf0,  //%@@.............*@@
0xbf,0xf0,0x00,0x00,0x00,0x00,0x00,0x00,0x7f,0xf0,  //%@@.............*@@
0xbf,0xf0,0x00,0x00,0x00,0x00,0x00,0x00,0x7f,0xf0,  //%@@.............*@@
0xbf,0xf0,0x00,0x00,0x00,0x00,0x00,0x00,0x7f,0xf0,  //%@@.............*@@
0xbf,0xf0,0x00,0x00,0x00,0x00,0x00,0x00,0x7f,0xf0,  //%@@.............*@@


/* N */
0x8b,0xa0,0x00,0x00,0x00,0x00,0x08,0xbb,  //%%%..........%%%
0xbf,0xf8,0x00,0x00,0x00,0x00,0x0b,0xff,  //%@@%.........%@@
0xbf,0xff,0x40,0x00,0x00,0x00,0x0b,0xff,  //%@@@*........%@@
0xbf,0xff,0xe0,0x00,0x00,0x00,0x0b,0xff,  //%@@@#........%@@
0xbf,0xff,0xfb,0x00,0x00,0x00,0x0b,0xff,  //%@@@@%.......%@@
0xbf,0xfc,0xff,0x60,0x00,0x00,0x0b,0xff,  //%@@#@@*......%@@
0xbf,0xf2,0xff,0xf2,0x00,0x00,0x0b,0xff,  //%@@+@@@+.....%@@
0xbf,0xf0,0x6f,0xfc,0x00,0x00,0x0b,0xff,  //%@@.*@@#.....%@@
0xbf,0xf0,0x0b,0xff,0x80,0x00,0x0b,0xff,  //%@@..%@@%....%@@
0xbf,0xf0,0x00,0xef,0xf4,0x00,0x0b,0xff,  //%@@...#@@*...%@@
0xbf,0xf0,0x00,0x4f,0xfe,0x00,0x0b,0xff,  //%@@...*@@#...%@@
0xbf,0xf0,0x00,0x08,0xff,0xb0,0x0b,0xff,  //%@@....%@@%..%@@
0xbf,0xf0,0x00,0x00,0xcf,0xf7,0x0b,0xff,  //%@@.....#@@*.%@@
0xbf,0xf0,0x00,0x00,0x2f,0xff,0x2b,0xff,  //%@@.....+@@@+%@@
0xbf,0xf0,0x00,0x00,0x06,0xff,0xdc,0xff,  //%@@......*@@##@@
0xbf,0xf0,0x00,0x00,0x00,0xbf,0xff,0xff,  //%@@.......%@@@@@
0xbf,0xf0,0x00,0x00,0x00,0x0e,0xff,0xff,  //%@@........#@@@@
0xbf,0xf0,0x00,0x00,0x00,0x04,0xff,0xff,  //%@@........*@@@@
0xbf,0xf0,0x00,0x00,0x00,0x00,0x8f,0xff,  //%@@.........%@@@
0xbf,0xf0,0x00,0x00,0x00,0x00,0x0c,0xff,  //%@@..........#@@


/* O */
0x00,0x00,0x03,0x9e,0xff,0xfd,0x81,0x00,0x00,  //.....*%#@@@#%+....
0x00,0x00,0xbf,0xff,0xff,0xff,0xff,0x70,0x00,  //....%@@@@@@@@@*...
0x00,0x0c,0xff,0xfd,0x97,0xae,0xff,0xf9,0x00,  //...#@@@#%*%#@@@%..
0x00,0xcf,0xfe,0x40,0x00,0x00,0x7f,0xff,0x80,  //..#@@#*.....*@@@%.
0x06,0xff,0xe2,0x00,0x00,0x00,0x05,0xff,0xf1,  //.*@@#+.......*@@@+
0x0d,0xff,0x60,0x00,0x00,0x00,0x00,0x9f,0xf9,  //.#@@*.........%@@%
0x3f,0xfe,0x00,0x00,0x00,0x00,0x00,0x2f,0xff,  //*@@#..........+@@@
0x7f,0xf9,0x00,0x00,0x00,0x00,0x00,0x0d,0xff,  //*@@%...........#@@
0xaf,0xf7,0x00,0x00,0x00,0x00,0x00,0x0b,0xff,  //%@@*...........%@@
0xbf,0xf4,0x00,0x00,0x00,0x00,0x00,0x07,0xff,  //%@@*...........*@@
0xbf,0xf3,0x00,0x00,0x00,0x00,0x00,0x07,0xff,  //%@@*...........*@@
0xbf,0xf7,0x00,0x00,0x00,0x00,0x00,0x0a,0xff,  //%@@*...........%@@
0x7f,0xf8,0x00,0x00,0x00,0x00,0x00,0x0c,0xff,  //*@@%...........#@@
0x4f,0xfd,0x00,0x00,0x00,0x00,0x00,0x1f,0xff,  //*@@#..........+@@@
0x0e,0xff,0x30,0x00,0x00,0x00,0x00,0x7f,0xfa,  //.#@@*.........*@@%
0x07,0xff,0xd0,0x00,0x00,0x00,0x02,0xff,0xf3,  //.*@@#........+@@@*
0x00,0xef,0xfc,0x10,0x00,0x00,0x3e,0xff,0xa0,  //..#@@#+.....*#@@%.
0x00,0x2e,0xff,0xf9,0x63,0x7b,0xff,0xfc,0x00,  //..+#@@@%***%@@@#..
0x00,0x02,0xdf,0xff,0xff,0xff,0xff,0xb0,0x00,  //...+#@@@@@@@@@%...
0x00,0x00,0x07,0xdf,0xff,0xff,0xb5,0x00,0x00,  //.....*#@@@@@%*....


/* P */
0x8b,0xbb,0xbb,0xbb,0x84,0x00,0x00,  //%%%%%%%%%*....
0xbf,0xff,0xff,0xff,0xff,0xd4,0x00,  //%@@@@@@@@@#*..
0xbf,0xfc,0xbb,0xbd,0xff,0xff,0x50,  //%@@#%%%#@@@@*.
0xbf,0xf3,0x00,0x00,0x1b,0xff,0xe0,  //%@@*....+%@@#.
0xbf,0xf3,0x00,0x00,0x00,0xcf,0xf6,  //%@@*......#@@*
0xbf,0xf3,0x00,0x00,0x00,0x5f,0xfb,  //%@@*......*@@%
0xbf,0xf3,0x00,0x00,0x00,0x3f,0xfb,  //%@@*......*@@%
0xbf,0xf3,0x00,0x00,0x00,0x5f,0xfb,  //%@@*......*@@%
0xbf,0xf3,0x00,0x00,0x00,0xcf,0xf6,  //%@@*......#@@*
0xbf,0xf3,0x00,0x00,0x1b,0xff,0xe0,  //%@@*....+%@@#.
0xbf,0xfc,0xbb,0xbd,0xff,0xff,0x50,  //%@@#%%%#@@@@*.
0xbf,0xff,0xff,0xff,0xff,0xd3,0x00,  //%@@@@@@@@@#*..
0xbf,0xfc,0xbb,0xbb,0x74,0x00,0x00,  //%@@#%%%%**....
0xbf,0xf3,0x00,0x00,0x00,0x00,0x00,  //%@@*..........
0xbf,0xf3,0x00,0x00,0x00,0x00,0x00,  //%@@*..........
0xbf,0xf3,0x00,0x00,0x00,0x00,0x00,  //%@@*..........
0xbf,0xf3,0x00,0x00,0x00,0x00,0x00,  //%@@*..........
0xbf,0xf3,0x00,0x00,0x00,0x00,0x00,  //%@@*..........
0xbf,0xf3,0x00,0x00,0x00,0x00,0x00,  //%@@*..........
0xbf,0xf3,0x00,0x00,0x00,0x00,0x00,  //%@@*..........


/* Q */
0x00,0x00,0x03,0x9e,0xff,0xfd,0x81,0x00,0x00,0x00,  //.....*%#@@@#%+......
0x00,0x00,0xbf,0xff,0xff,0xff,0xff,0x70,0x00,0x00,  //....%@@@@@@@@@*.....
0x00,0x0c,0xff,0xfd,0x97,0xae,0xff,0xf9,0x00,0x00,  //...#@@@#%*%#@@@%....
0x00,0xcf,0xfe,0x40,0x00,0x00,0x7f,0xff,0x80,0x00,  //..#@@#*.....*@@@%...
0x06,0xff,0xe2,0x00,0x00,0x00,0x05,0xff,0xf1,0x00,  //.*@@#+.......*@@@+..
0x0d,0xff,0x60,0x00,0x00,0x00,0x00,0x9f,0xf9,0x00,  //.#@@*.........%@@%..
0x3f,0xfe,0x00,0x00,0x00,0x00,0x00,0x2f,0xff,0x00,  //*@@#..........+@@@..
0x7f,0xf9,0x00,0x00,0x00,0x00,0x00,0x0d,0xff,0x30,  //*@@%...........#@@*.
0xaf,0xf7,0x00,0x00,0x00,0x00,0x00,0x0b,0xff,0x50,  //%@@*...........%@@*.
0xbf,0xf4,0x00,0x00,0x00,0x00,0x00,0x07,0xff,0x70,  //%@@*...........*@@*.
0xbf,0xf3,0x00,0x00,0x00,0x00,0x00,0x07,0xff,0x70,  //%@@*...........*@@*.
0xbf,0xf7,0x00,0x00,0x00,0x00,0x00,0x0a,0xff,0x60,  //%@@*...........%@@*.
0x7f,0xf8,0x00,0x00,0x00,0x00,0x00,0x0c,0xff,0x30,  //*@@%...........#@@*.
0x4f,0xfd,0x00,0x00,0x00,0x00,0x00,0x1f,0xff,0x00,  //*@@#..........+@@@..
0x0e,0xff,0x30,0x00,0x00,0x00,0x00,0x7f,0xfa,0x00,  //.#@@*.........*@@%..
0x07,0xff,0xd0,0x00,0x00,0x00,0x02,0xff,0xf3,0x00,  //.*@@#........+@@@*..
0x00,0xef,0xfc,0x10,0x00,0x00,0x3e,0xff,0xa0,0x00,  //..#@@#+.....*#@@%...
0x00,0x2e,0xff,0xf9,0x63,0x7b,0xff,0xfc,0x00,0x00,  //..+#@@@%***%@@@#....
0x00,0x02,0xdf,0xff,0xff,0xff,0xff,0xb0,0x00,0x00,  //...+#@@@@@@@@@%.....
0x00,0x00,0x07,0xdf,0xff,0xff,0xff,0x50,0x00,0x00,  //.....*#@@@@@@@*.....
0x00,0x00,0x00,0x01,0x33,0x3a,0xff,0xf8,0x00,0x00,  //.......+***%@@@%....
0x00,0x00,0x00,0x00,0x00,0x00,0x7f,0xff,0xb0,0x00,  //............*@@@%...
0x00,0x00,0x00,0x00,0x00,0x00,0x04,0xef,0xfd,0x20,  //.............*#@@#+.
0x00,0x00,0x00,0x00,0x00,0x00,0x00,0x2c,0xff,0xe4,  //..............+#@@#*


/* R */
0x8b,0xbb,0xbb,0xbb,0x84,0x00,0x00,0x00,  //%%%%%%%%%*......
0xbf,0xff,0xff,0xff,0xff,0xd4,0x00,0x00,  //%@@@@@@@@@#*....
0xbf,0xfc,0xbb,0xbc,0xff,0xff,0x50,0x00,  //%@@#%%%#@@@@*...
0xbf,0xf3,0x00,0x00,0x1a,0xff,0xe1,0x00,  //%@@*....+%@@#+..
0xbf,0xf3,0x00,0x00,0x00,0xbf,0xf7,0x00,  //%@@*......%@@*..
0xbf,0xf3,0x00,0x00,0x00,0x5f,0xfb,0x00,  //%@@*......*@@%..
0xbf,0xf3,0x00,0x00,0x00,0x3f,0xfb,0x00,  //%@@*......*@@%..
0xbf,0xf3,0x00,0x00,0x00,0x8f,0xf9,0x00,  //%@@*......%@@%..
0xbf,0xf3,0x00,0x00,0x02,0xef,0xf5,0x00,  //%@@*.....+#@@*..
0xbf,0xf6,0x33,0x35,0x9f,0xff,0xb0,0x00,  //%@@*****%@@@%...
0xbf,0xff,0xff,0xff,0xff,0xfc,0x00,0x00,  //%@@@@@@@@@@#....
0xbf,0xff,0xff,0xff,0xff,0x50,0x00,0x00,  //%@@@@@@@@@*.....
0xbf,0xf6,0x33,0x3e,0xff,0x40,0x00,0x00,  //%@@****#@@*.....
0xbf,0xf3,0x00,0x04,0xff,0xe1,0x00,0x00,  //%@@*...*@@#+....
0xbf,0xf3,0x00,0x00,0x9f,0xfb,0x00,0x00,  //%@@*....%@@%....
0xbf,0xf3,0x00,0x00,0x0d,0xff,0x70,0x00,  //%@@*.....#@@*...
0xbf,0xf3,0x00,0x00,0x03,0xff,0xf2,0x00,  //%@@*.....*@@@+..
0xbf,0xf3,0x00,0x00,0x00,0x8f,0xfd,0x00,  //%@@*......%@@#..
0xbf,0xf3,0x00,0x00,0x00,0x0c,0xff,0xa0,  //%@@*.......#@@%.
0xbf,0xf3,0x00,0x00,0x00,0x02,0xff,0xf5,  //%@@*.......+@@@*


/* S */
0x00,0x00,0x5b,0xff,0xff,0xc6,0x00,0x00,  //....*%@@@@#*...
0x00,0x2c,0xff,0xff,0xff,0xff,0xc2,0x00,  //..+#@@@@@@@@#+.
0x00,0xcf,0xff,0xa7,0x7b,0xff,0xfc,0x00,  //..#@@@%**%@@@#.
0x06,0xff,0xe2,0x00,0x00,0x2e,0xff,0x60,  //.*@@#+....+#@@*
0x0b,0xff,0x50,0x00,0x00,0x02,0xfb,0x30,  //.%@@*......+@%*
0x0b,0xff,0x30,0x00,0x00,0x00,0x30,0x00,  //.%@@*.......*..
0x0a,0xff,0xa0,0x00,0x00,0x00,0x00,0x00,  //.%@@%..........
0x05,0xff,0xfa,0x10,0x00,0x00,0x00,0x00,  //.*@@@%+........
0x00,0xbf,0xff,0xfc,0x62,0x00,0x00,0x00,  //..%@@@@#*+.....
0x00,0x07,0xef,0xff,0xff,0xd6,0x00,0x00,  //...*#@@@@@#*...
0x00,0x00,0x05,0xaf,0xff,0xff,0xe2,0x00,  //.....*%@@@@@#+.
0x00,0x00,0x00,0x00,0x5a,0xff,0xfe,0x20,  //........*%@@@#+
0x00,0x00,0x00,0x00,0x00,0x3e,0xff,0xa0,  //..........*#@@%
0x00,0x00,0x00,0x00,0x00,0x04,0xff,0xe0,  //...........*@@#
0x03,0xb0,0x00,0x00,0x00,0x00,0xff,0xf0,  //.*%.........@@@
0x7f,0xf8,0x00,0x00,0x00,0x01,0xff,0xe0,  //*@@%.......+@@#
0x1f,0xff,0x70,0x00,0x00,0x0a,0xff,0x90,  //+@@@*......%@@%
0x07,0xff,0xfd,0x85,0x47,0xdf,0xff,0x10,  //.*@@@#%***#@@@+
0x00,0x7f,0xff,0xff,0xff,0xff,0xf5,0x00,  //..*@@@@@@@@@@*.
0x00,0x01,0x9e,0xff,0xff,0xf9,0x10,0x00,  //...+%#@@@@@%+..


/* T */
0x8b,0xbb,0xbb,0xbb,0xbb,0xbb,0xbb,0xb0,  //%%%%%%%%%%%%%%%
0xbf,0xff,0xff,0xff,0xff,0xff,0xff,0xf0,  //%@@@@@@@@@@@@@@
0x8b,0xbb,0xbb,0xef,0xfc,0xbb,0xbb,0xb0,  //%%%%%%#@@#%%%%%
0x00,0x00,0x00,0xbf,0xf3,0x00,0x00,0x00,  //......%@@*.....
0x00,0x00,0x00,0xbf,0xf3,0x00,0x00,0x00,  //......%@@*.....
0x00,0x00,0x00,0xbf,0xf3,0x00,0x00,0x00,  //......%@@*.....
0x00,0x00,0x00,0xbf,0xf3,0x00,0x00,0x00,  //......%@@*.....
0x00,0x00,0x00,0xbf,0xf3,0x00,0x00,0x00,  //......%@@*.....
0x00,0x00,0x00,0xbf,0xf3,0x00,0x00,0x00,  //......%@@*.....
0x00,0x00,0x00,0xbf,0xf3,0x00,0x00,0x00,  //......%@@*.....
0x00,0x00,0x00,0xbf,0xf3,0x00,0x00,0x00,  //......%@@*.....
0x00,0x00,0x00,0xbf,0xf3,0x00,0x00,0x00,  //......%@@*.....
0x00,0x00,0x00,0xbf,0xf3,0x00,0x00,0x00,  //......%@@*.....
0x00,0x00,0x00,0xbf,0xf3,0x00,0x00,0x00,  //......%@@*.....
0x00,0x00,0x00,0xbf,0xf3,0x00,0x00,0x00,  //......%@@*.....
0x00,0x00,0x00,0xbf,0xf3,0x00,0x00,0x00,  //......%@@*.....
0x00,0x00,0x00,0xbf,0xf3,0x00,0x00,0x00,  //......%@@*.....
0x00,0x00,0x00,0xbf,0xf3,0x00,0x00,0x00,  //......%@@*.....
0x00,0x00,0x00,0xbf,0xf3,0x00,0x00,0x00,  //......%@@*.....
0x00,0x00,0x00,0xbf,0xf3,0x00,0x00,0x00,  //......%@@*.....


/* U */
0xbb,0xb0,0x00,0x00,0x00,0x00,0x0b,0xbb,  //%%%..........%%%
0xff,0xf0,0x00,0x00,0x00,0x00,0x0f,0xff,  //@@@..........@@@
0xff,0xf0,0x00,0x00,0x00,0x00,0x0f,0xff,  //@@@..........@@@
0xff,0xf0,0x00,0x00,0x00,0x00,0x0f,0xff,  //@@@..........@@@
0xff,0xf0,0x00,0x00,0x00,0x00,0x0f,0xff,  //@@@..........@@@
0xff,0xf0,0x00,0x00,0x00,0x00,0x0f,0xff,  //@@@..........@@@
0xff,0xf0,0x00,0x00,0x00,0x00,0x0f,0xff,  //@@@..........@@@
0xff,0xf0,0x00,0x00,0x00,0x00,0x0f,0xff,  //@@@..........@@@
0xff,0xf0,0x00,0x00,0x00,0x00,0x0f,0xff,  //@@@..........@@@
0xff,0xf0,0x00,0x00,0x00,0x00,0x0f,0xff,  //@@@..........@@@
0xff,0xf0,0x00,0x00,0x00,0x00,0x0f,0xff,  //@@@..........@@@
0xff,0xf0,0x00,0x00,0x00,0x00,0x0f,0xff,  //@@@..........@@@
0xff,0xf0,0x00,0x00,0x00,0x00,0x0f,0xff,  //@@@..........@@@
0xdf,0xf1,0x00,0x00,0x00,0x00,0x2f,0xfb,  //#@@+........+@@%
0xaf,0xf5,0x00,0x00,0x00,0x00,0x6f,0xfa,  //%@@*........*@@%
0x5f,0xfd,0x00,0x00,0x00,0x00,0xdf,0xf5,  //*@@#........#@@*
0x0e,0xff,0x90,0x00,0x00,0x09,0xff,0xd0,  //.#@@%......%@@#.
0x04,0xff,0xfd,0x84,0x48,0xdf,0xff,0x40,  //.*@@@#%**%#@@@*.
0x00,0x5f,0xff,0xff,0xff,0xff,0xf5,0x00,  //..*@@@@@@@@@@*..
0x00,0x02,0x9f,0xff,0xff,0xf9,0x10,0x00,  //...+%@@@@@@%+...


/* V */
0x7b,0xb6,0x00,0x00,0x00,0x00,0x00,0x0b,0xba,  //*%%*...........%%%
0x4f,0xfd,0x00,0x00,0x00,0x00,0x00,0x5f,0xf9,  //*@@#..........*@@%
0x0d,0xff,0x40,0x00,0x00,0x00,0x00,0xaf,0xf2,  //.#@@*.........%@@+
0x07,0xff,0x90,0x00,0x00,0x00,0x01,0xff,0xd0,  //.*@@%........+@@#.
0x01,0xff,0xf0,0x00,0x00,0x00,0x06,0xff,0x60,  //.+@@@........*@@*.
0x00,0xaf,0xf5,0x00,0x00,0x00,0x0c,0xff,0x10,  //..%@@*.......#@@+.
0x00,0x4f,0xfc,0x00,0x00,0x00,0x1f,0xfa,0x00,  //..*@@#......+@@%..
0x00,0x0d,0xff,0x10,0x00,0x00,0x8f,0xf4,0x00,  //...#@@+.....%@@*..
0x00,0x07,0xff,0x80,0x00,0x00,0xdf,0xe0,0x00,  //...*@@%.....#@#...
0x00,0x01,0xff,0xe0,0x00,0x03,0xff,0x80,0x00,  //...+@@#....*@@%...
0x00,0x00,0xaf,0xf4,0x00,0x09,0xff,0x10,0x00,  //....%@@*...%@@+...
0x00,0x00,0x4f,0xfa,0x00,0x0e,0xfc,0x00,0x00,  //....*@@%...#@#....
0x00,0x00,0x0d,0xff,0x00,0x5f,0xf5,0x00,0x00,  //.....#@@..*@@*....
0x00,0x00,0x07,0xff,0x60,0xaf,0xe0,0x00,0x00,  //.....*@@*.%@#.....
0x00,0x00,0x01,0xff,0xc0,0xff,0x90,0x00,0x00,  //.....+@@#.@@%.....
0x00,0x00,0x00,0xaf,0xf8,0xff,0x30,0x00,0x00,  //......%@@%@@*.....
0x00,0x00,0x00,0x4f,0xff,0xfd,0x00,0x00,0x00,  //......*@@@@#......
0x00,0x00,0x00,0x0d,0xff,0xf7,0x00,0x00,0x00,  //.......#@@@*......
0x00,0x00,0x00,0x07,0xff,0xf1,0x00,0x00,0x00,  //.......*@@@+......
0x00,0x00,0x00,0x01,0xff,0xa0,0x00,0x00,0x00,  //.......+@@%.......


/* W */
0x7b,0xb4,0x00,0x00,0x00,0x00,0xbb,0x70,0x00,0x00,0x00,0x08,0xbb,  //*%%*........%%*........%%%
0x5f,0xf9,0x00,0x00,0x00,0x02,0xff,0xe0,0x00,0x00,0x00,0x0e,0xfc,  //*@@%.......+@@#........#@#
0x0f,0xfe,0x00,0x00,0x00,0x07,0xff,0xf3,0x00,0x00,0x00,0x3f,0xf8,  //.@@#.......*@@@*......*@@%
0x0a,0xff,0x40,0x00,0x00,0x0c,0xff,0xf8,0x00,0x00,0x00,0x7f,0xf2,  //.%@@*......#@@@%......*@@+
0x05,0xff,0x80,0x00,0x00,0x0f,0xff,0xfd,0x00,0x00,0x00,0xcf,0xe0,  //.*@@%......@@@@#......#@#.
0x00,0xff,0xd0,0x00,0x00,0x5f,0xfe,0xff,0x20,0x00,0x00,0xff,0x90,  //..@@#.....*@@#@@+.....@@%.
0x00,0xcf,0xf2,0x00,0x00,0x9f,0xe5,0xff,0x60,0x00,0x05,0xff,0x40,  //..#@@+....%@#*@@*....*@@*.
0x00,0x6f,0xf7,0x00,0x00,0xef,0x90,0xff,0xc0,0x00,0x09,0xff,0x00,  //..*@@*....#@%.@@#....%@@..
0x00,0x1f,0xfc,0x00,0x02,0xff,0x50,0xbf,0xf1,0x00,0x0e,0xfa,0x00,  //..+@@#...+@@*.%@@+...#@%..
0x00,0x0c,0xff,0x10,0x07,0xff,0x00,0x6f,0xf5,0x00,0x2f,0xf5,0x00,  //...#@@+..*@@..*@@*..+@@*..
0x00,0x06,0xff,0x50,0x0c,0xfa,0x00,0x1f,0xfa,0x00,0x7f,0xf0,0x00,  //...*@@*..#@%..+@@%..*@@...
0x00,0x01,0xff,0xa0,0x0f,0xf6,0x00,0x0c,0xff,0x00,0xcf,0xc0,0x00,  //...+@@%..@@*...#@@..#@#...
0x00,0x00,0xcf,0xf0,0x5f,0xf1,0x00,0x06,0xff,0x40,0xff,0x60,0x00,  //....#@@.*@@+...*@@*.@@*...
0x00,0x00,0x7f,0xf4,0x9f,0xc0,0x00,0x01,0xff,0x95,0xff,0x10,0x00,  //....*@@*%@#....+@@%*@@+...
0x00,0x00,0x2f,0xf9,0xef,0x80,0x00,0x00,0xdf,0xe9,0xfd,0x00,0x00,  //....+@@%#@%.....#@#%@#....
0x00,0x00,0x0d,0xfe,0xff,0x20,0x00,0x00,0x8f,0xff,0xf8,0x00,0x00,  //.....#@#@@+.....%@@@@%....
0x00,0x00,0x08,0xff,0xfd,0x00,0x00,0x00,0x2f,0xff,0xf3,0x00,0x00,  //.....%@@@#......+@@@@*....
0x00,0x00,0x02,0xff,0xf9,0x00,0x00,0x00,0x0d,0xff,0xe0,0x00,0x00,  //.....+@@@%.......#@@#.....
0x00,0x00,0x00,0xdf,0xf4,0x00,0x00,0x00,0x08,0xff,0x90,0x00,0x00,  //......#@@*.......%@@%.....
0x00,0x00,0x00,0x8f,0xe0,0x00,0x00,0x00,0x03,0xff,0x40,0x00,0x00,  //......%@#........*@@*.....


/* X */
0x2b,0xbb,0x30,0x00,0x00,0x00,0x00,0x9b,0xb5,  //+%%%*.........%%%*
0x09,0xff,0xd0,0x00,0x00,0x00,0x07,0xff,0xc0,  //.%@@#........*@@#.
0x00,0xdf,0xf9,0x00,0x00,0x00,0x2f,0xfe,0x20,  //..#@@%......+@@#+.
0x00,0x2f,0xff,0x40,0x00,0x00,0xcf,0xf6,0x00,  //..+@@@*.....#@@*..
0x00,0x07,0xff,0xe0,0x00,0x08,0xff,0xa0,0x00,  //...*@@#....%@@%...
0x00,0x00,0xbf,0xfb,0x00,0x3f,0xfe,0x00,0x00,  //....%@@%..*@@#....
0x00,0x00,0x1e,0xff,0x60,0xdf,0xf3,0x00,0x00,  //....+#@@*.#@@*....
0x00,0x00,0x04,0xff,0xeb,0xff,0x80,0x00,0x00,  //.....*@@#%@@%.....
0x00,0x00,0x00,0x9f,0xff,0xfc,0x00,0x00,0x00,  //......%@@@@#......
0x00,0x00,0x00,0x0d,0xff,0xe2,0x00,0x00,0x00,  //.......#@@#+......
0x00,0x00,0x00,0x0d,0xff,0xf2,0x00,0x00,0x00,  //.......#@@@+......
0x00,0x00,0x00,0x9f,0xff,0xfd,0x00,0x00,0x00,  //......%@@@@#......
0x00,0x00,0x04,0xff,0xcc,0xff,0x90,0x00,0x00,  //.....*@@##@@%.....
0x00,0x00,0x1e,0xff,0x22,0xff,0xf4,0x00,0x00,  //....+#@@++@@@*....
0x00,0x00,0xcf,0xf7,0x00,0x6f,0xfe,0x10,0x00,  //....#@@*..*@@#+...
0x00,0x07,0xff,0xb0,0x00,0x0b,0xff,0xb0,0x00,  //...*@@%....%@@%...
0x00,0x3f,0xfe,0x10,0x00,0x00,0xef,0xf7,0x00,  //..*@@#+.....#@@*..
0x00,0xdf,0xf5,0x00,0x00,0x00,0x4f,0xff,0x30,  //..#@@*......*@@@*.
0x0a,0xff,0xa0,0x00,0x00,0x00,0x09,0xff,0xd0,  //.%@@%........%@@#.
0x5f,0xfe,0x00,0x00,0x00,0x00,0x00,0xdf,0xfa,  //*@@#..........#@@%


/* Y */
0x6b,0xba,0x00,0x00,0x00,0x00,0x04,0xbb,0x80,  //*%%%.........*%%%
0x0e,0xff,0x60,0x00,0x00,0x00,0x0d,0xff,0x30,  //.#@@*........#@@*
0x06,0xff,0xe0,0x00,0x00,0x00,0x7f,0xfa,0x00,  //.*@@#.......*@@%.
0x00,0xbf,0xf9,0x00,0x00,0x00,0xef,0xe1,0x00,  //..%@@%......#@#+.
0x00,0x2f,0xff,0x30,0x00,0x09,0xff,0x70,0x00,  //..+@@@*....%@@*..
0x00,0x08,0xff,0xc0,0x00,0x1f,0xfd,0x00,0x00,  //...%@@#...+@@#...
0x00,0x00,0xdf,0xf6,0x00,0xbf,0xf4,0x00,0x00,  //....#@@*..%@@*...
0x00,0x00,0x4f,0xfe,0x03,0xff,0xb0,0x00,0x00,  //....*@@#.*@@%....
0x00,0x00,0x0b,0xff,0x9d,0xff,0x10,0x00,0x00,  //.....%@@%#@@+....
0x00,0x00,0x01,0xef,0xff,0xf7,0x00,0x00,0x00,  //.....+#@@@@*.....
0x00,0x00,0x00,0x7f,0xff,0xd0,0x00,0x00,0x00,  //......*@@@#......
0x00,0x00,0x00,0x0d,0xff,0x50,0x00,0x00,0x00,  //.......#@@*......
0x00,0x00,0x00,0x0b,0xff,0x30,0x00,0x00,0x00,  //.......%@@*......
0x00,0x00,0x00,0x0b,0xff,0x30,0x00,0x00,0x00,  //.......%@@*......
0x00,0x00,0x00,0x0b,0xff,0x30,0x00,0x00,0x00,  //.......%@@*......
0x00,0x00,0x00,0x0b,0xff,0x30,0x00,0x00,0x00,  //.......%@@*......
0x00,0x00,0x00,0x0b,0xff,0x30,0x00,0x00,0x00,  //.......%@@*......
0x00,0x00,0x00,0x0b,0xff,0x30,0x00,0x00,0x00,  //.......%@@*......
0x00,0x00,0x00,0x0b,0xff,0x30,0x00,0x00,0x00,  //.......%@@*......
0x00,0x00,0x00,0x0b,0xff,0x30,0x00,0x00,0x00,  //.......%@@*......


/* Z */
0x5b,0xbb,0xbb,0xbb,0xbb,0xbb,0xb8,  //*%%%%%%%%%%%%%
0x7f,0xff,0xff,0xff,0xff,0xff,0xfb,  //*@@@@@@@@@@@@%
0x5b,0xbb,0xbb,0xbb,0xbc,0xff,0xf3,  //*%%%%%%%%#@@@*
0x00,0x00,0x00,0x00,0x0a,0xff,0x80,  //.........%@@%.
0x00,0x00,0x00,0x00,0x4f,0xfd,0x00,  //........*@@#..
0x00,0x00,0x00,0x00,0xef,0xf3,0x00,  //........#@@*..
0x00,0x00,0x00,0x0a,0xff,0xa0,0x00,  //.......%@@%...
0x00,0x00,0x00,0x4f,0xfe,0x00,0x00,  //......*@@#....
0x00,0x00,0x00,0xdf,0xf4,0x00,0x00,  //......#@@*....
0x00,0x00,0x08,0xff,0xb0,0x00,0x00,  //.....%@@%.....
0x00,0x00,0x3f,0xfe,0x10,0x00,0x00,  //....*@@#+.....
0x00,0x00,0xdf,0xf6,0x00,0x00,0x00,  //....#@@*......
0x00,0x07,0xff,0xb0,0x00,0x00,0x00,  //...*@@%.......
0x00,0x2f,0xff,0x10,0x00,0x00,0x00,  //..+@@@+.......
0x00,0xcf,0xf7,0x00,0x00,0x00,0x00,  //..#@@*........
0x07,0xff,0xc0,0x00,0x00,0x00,0x00,  //.*@@#.........
0x1f,0xff,0x20,0x00,0x00,0x00,0x00,  //+@@@+.........
0xbf,0xfd,0x77,0x77,0x77,0x77,0x77,  //%@@#**********
0xff,0xff,0xff,0xff,0xff,0xff,0xff,  //@@@@@@@@@@@@@@
0xff,0xff,0xff,0xff,0xff,0xff,0xff,  //@@@@@@@@@@@@@@


/* [ */
0xbf,0xff,0xff,0xf0,  //%@@@@@@
0xbf,0xff,0xff,0xf0,  //%@@@@@@
0xbf,0xf7,0x77,0x70,  //%@@****
0xbf,0xf0,0x00,0x00,  //%@@....
0xbf,0xf0,0x00,0x00,  //%@@....
0xbf,0xf0,0x00,0x00,  //%@@....
0xbf,0xf0,0x00,0x00,  //%@@....
0xbf,0xf0,0x00,0x00,  //%@@....
0xbf,0xf0,0x00,0x00,  //%@@....
0xbf,0xf0,0x00,0x00,  //%@@....
0xbf,0xf0,0x00,0x00,  //%@@....
0xbf,0xf0,0x00,0x00,  //%@@....
0xbf,0xf0,0x00,0x00,  //%@@....
0xbf,0xf0,0x00,0x00,  //%@@....
0xbf,0xf0,0x00,0x00,  //%@@....
0xbf,0xf0,0x00,0x00,  //%@@....
0xbf,0xf0,0x00,0x00,  //%@@....
0xbf,0xf0,0x00,0x00,  //%@@....
0xbf,0xf0,0x00,0x00,  //%@@....
0xbf,0xf0,0x00,0x00,  //%@@....
0xbf,0xf0,0x00,0x00,  //%@@....
0xbf,0xf0,0x00,0x00,  //%@@....
0xbf,0xf7,0x77,0x70,  //%@@****
0xbf,0xff,0xff,0xf0,  //%@@@@@@
0xbf,0xff,0xff,0xf0,  //%@@@@@@


/* \ */
0x6b,0xb2,0x00,0x00,0x00,0x00,  //*%%+.......
0x1f,0xf9,0x00,0x00,0x00,0x00,  //+@@%.......
0x0c,0xfe,0x00,0x00,0x00,0x00,  //.#@#.......
0x05,0xff,0x50,0x00,0x00,0x00,  //.*@@*......
0x00,0xff,0xa0,0x00,0x00,0x00,  //..@@%......
0x00,0x9f,0xf1,0x00,0x00,0x00,  //..%@@+.....
0x00,0x4f,0xf6,0x00,0x00,0x00,  //..*@@*.....
0x00,0x0d,0xfc,0x00,0x00,0x00,  //...#@#.....
0x00,0x08,0xff,0x20,0x00,0x00,  //...%@@+....
0x00,0x01,0xff,0x80,0x00,0x00,  //...+@@%....
0x00,0x00,0xcf,0xe0,0x00,0x00,  //....#@#....
0x00,0x00,0x5f,0xf4,0x00,0x00,  //....*@@*...
0x00,0x00,0x0f,0xfa,0x00,0x00,  //.....@@%...
0x00,0x00,0x09,0xff,0x00,0x00,  //.....%@@...
0x00,0x00,0x04,0xff,0x60,0x00,  //.....*@@*..
0x00,0x00,0x00,0xdf,0xc0,0x00,  //......#@#..
0x00,0x00,0x00,0x8f,0xf2,0x00,  //......%@@+.
0x00,0x00,0x00,0x1f,0xf8,0x00,  //......+@@%.
0x00,0x00,0x00,0x0c,0xfe,0x00,  //.......#@#.
0x00,0x00,0x00,0x05,0xff,0x40,  //.......*@@*


/* ] */
0xff,0xff,0xff,  //@@@@@@
0xff,0xff,0xff,  //@@@@@@
0x77,0x7b,0xff,  //***%@@
0x00,0x07,0xff,  //...*@@
0x00,0x07,0xff,  //...*@@
0x00,0x07,0xff,  //...*@@
0x00,0x07,0xff,  //...*@@
0x00,0x07,0xff,  //...*@@
0x00,0x07,0xff,  //...*@@
0x00,0x07,0xff,  //...*@@
0x00,0x07,0xff,  //...*@@
0x00,0x07,0xff,  //...*@@
0x00,0x07,0xff,  //...*@@
0x00,0x07,0xff,  //...*@@
0x00,0x07,0xff,  //...*@@
0x00,0x07,0xff,  //...*@@
0x00,0x07,0xff,  //...*@@
0x00,0x07,0xff,  //...*@@
0x00,0x07,0xff,  //...*@@
0x00,0x07,0xff,  //...*@@
0x00,0x07,0xff,  //...*@@
0x00,0x07,0xff,  //...*@@
0x77,0x7b,0xff,  //***%@@
0xff,0xff,0xff,  //@@@@@@
0xff,0xff,0xff,  //@@@@@@


/* ^ */
0x00,0x00,0x9b,0xb0,0x00,0x00,  //....%%%....
0x00,0x02,0xff,0xf7,0x00,0x00,  //...+@@@*...
0x00,0x09,0xff,0xfd,0x00,0x00,  //...%@@@#...
0x00,0x1f,0xfd,0xff,0x50,0x00,  //..+@@#@@*..
0x00,0x7f,0xf2,0xdf,0xc0,0x00,  //..*@@+#@#..
0x00,0xef,0xb0,0x6f,0xf3,0x00,  //..#@%.*@@*.
0x05,0xff,0x40,0x0e,0xf9,0x00,  //.*@@*..#@%.
0x0d,0xfd,0x00,0x09,0xff,0x10,  //.#@#...%@@+
0x4f,0xf5,0x00,0x01,0xff,0x80,  //*@@*...+@@%
0xbf,0xe0,0x00,0x00,0xaf,0xe0,  //%@#.....%@#
0x77,0x40,0x00,0x00,0x27,0x70,  //***.....+**


/* _ */
0xbb,0xbb,0xbb,0xbb,0xbb,0xb8,  //%%%%%%%%%%%%
0xff,0xff,0xff,0xff,0xff,0xfb,  //@@@@@@@@@@@%
0x77,0x77,0x77,0x77,0x77,0x75,  //************


/* ` */
0xcf,0xe0,0x00,  //#@#..
0x2f,0xf7,0x00,  //+@@*.
0x07,0xfe,0x10,  //.*@#+
0x00,0xcf,0xa0,  //..#@%


/* a */
0x00,0x19,0xff,0xff,0xf9,0x00,  //..+%@@@@@%..
0x02,0xef,0xff,0xff,0xff,0xc0,  //.+#@@@@@@@#.
0x0d,0xff,0x71,0x03,0xcf,0xf8,  //.#@@*+.*#@@%
0x03,0xd5,0x00,0x00,0x0e,0xfe,  //.*#*.....#@#
0x00,0x00,0x00,0x00,0x0b,0xff,  //.........%@@
0x00,0x01,0x57,0x77,0x5a,0xff,  //...+*****%@@
0x00,0x9f,0xff,0xff,0xff,0xff,  //..%@@@@@@@@@
0x0c,0xff,0xd9,0x78,0xbf,0xff,  //.#@@#%*%%@@@
0x6f,0xfa,0x00,0x00,0x07,0xff,  //*@@%.....*@@
0xbf,0xf3,0x00,0x00,0x0a,0xff,  //%@@*.....%@@
0xaf,0xf4,0x00,0x00,0x0e,0xff,  //%@@*.....#@@
0x6f,0xfc,0x10,0x04,0xdf,0xff,  //*@@#+..*#@@@
0x0c,0xff,0xff,0xff,0xfb,0xff,  //.#@@@@@@@%@@
0x00,0x8f,0xff,0xfe,0x63,0xff,  //..%@@@@#**@@


/* b */
0x77,0x50,0x00,0x00,0x00,0x00,0x00,  //***..........
0xff,0xb0,0x00,0x00,0x00,0x00,0x00,  //@@%..........
0xff,0xb0,0x00,0x00,0x00,0x00,0x00,  //@@%..........
0xff,0xb0,0x00,0x00,0x00,0x00,0x00,  //@@%..........
0xff,0xb0,0x00,0x00,0x00,0x00,0x00,  //@@%..........
0xff,0xb0,0x00,0x00,0x00,0x00,0x00,  //@@%..........
0xff,0xb0,0x00,0x33,0x20,0x00,0x00,  //@@%...**+....
0xff,0xb0,0x9f,0xff,0xfd,0x40,0x00,  //@@%.%@@@@#*..
0xff,0xcc,0xff,0xff,0xff,0xf5,0x00,  //@@##@@@@@@@*.
0xff,0xff,0xd6,0x34,0xaf,0xff,0x30,  //@@@@#***%@@@*
0xff,0xfc,0x00,0x00,0x07,0xff,0xb0,  //@@@#.....*@@%
0xff,0xf2,0x00,0x00,0x00,0xdf,0xf0,  //@@@+......#@@
0xff,0xd0,0x00,0x00,0x00,0x9f,0xf0,  //@@#.......%@@
0xff,0xb0,0x00,0x00,0x00,0x7f,0xf0,  //@@%.......*@@
0xff,0xb0,0x00,0x00,0x00,0x7f,0xf0,  //@@%.......*@@
0xff,0xd0,0x00,0x00,0x00,0x9f,0xf0,  //@@#.......%@@
0xff,0xf2,0x00,0x00,0x00,0xdf,0xf0,  //@@@+......#@@
0xff,0xfc,0x00,0x00,0x07,0xff,0xb0,  //@@@#.....*@@%
0xff,0xef,0xd5,0x33,0x9f,0xff,0x30,  //@@#@#***%@@@*
0xff,0x8c,0xff,0xff,0xff,0xf5,0x00,  //@@%#@@@@@@@*.
0xff,0x70,0x8f,0xff,0xfd,0x30,0x00,  //@@*.%@@@@#*..


/* c */
0x00,0x05,0xdf,0xff,0xfd,0x40,  //...*#@@@@#*.
0x00,0x9f,0xff,0xff,0xff,0xf5,  //..%@@@@@@@@*
0x08,0xff,0xe7,0x33,0x8f,0xfd,  //.%@@#***%@@#
0x1f,0xfe,0x20,0x00,0x06,0x91,  //+@@#+....*%+
0x7f,0xf8,0x00,0x00,0x00,0x00,  //*@@%........
0xbf,0xf3,0x00,0x00,0x00,0x00,  //%@@*........
0xbf,0xf0,0x00,0x00,0x00,0x00,  //%@@.........
0xbf,0xf0,0x00,0x00,0x00,0x00,  //%@@.........
0xbf,0xf3,0x00,0x00,0x00,0x00,  //%@@*........
0x6f,0xf8,0x00,0x00,0x00,0x00,  //*@@%........
0x1f,0xff,0x20,0x00,0x05,0xa1,  //+@@@+....*%+
0x07,0xff,0xe7,0x33,0x8f,0xfe,  //.*@@#***%@@#
0x00,0x9f,0xff,0xff,0xff,0xf5,  //..%@@@@@@@@*
0x00,0x05,0xdf,0xff,0xfd,0x30,  //...*#@@@@#*.


/* d */
0x00,0x00,0x00,0x00,0x00,0x17,0x73,  //..........+***
0x00,0x00,0x00,0x00,0x00,0x3f,0xf7,  //..........*@@*
0x00,0x00,0x00,0x00,0x00,0x3f,0xf7,  //..........*@@*
0x00,0x00,0x00,0x00,0x00,0x3f,0xf7,  //..........*@@*
0x00,0x00,0x00,0x00,0x00,0x3f,0xf7,  //..........*@@*
0x00,0x00,0x00,0x00,0x00,0x3f,0xf7,  //..........*@@*
0x00,0x00,0x03,0x33,0x00,0x3f,0xf7,  //.....***..*@@*
0x00,0x08,0xff,0xff,0xe4,0x3f,0xf7,  //...%@@@@#**@@*
0x00,0xcf,0xff,0xff,0xff,0x9f,0xf7,  //..#@@@@@@@%@@*
0x09,0xff,0xe7,0x33,0x9f,0xff,0xf7,  //.%@@#***%@@@@*
0x1f,0xfe,0x20,0x00,0x02,0xff,0xf7,  //+@@#+....+@@@*
0x8f,0xf7,0x00,0x00,0x00,0x9f,0xf7,  //%@@*......%@@*
0xbf,0xf2,0x00,0x00,0x00,0x3f,0xf7,  //%@@+......*@@*
0xbf,0xf0,0x00,0x00,0x00,0x3f,0xf7,  //%@@.......*@@*
0xbf,0xf0,0x00,0x00,0x00,0x3f,0xf7,  //%@@.......*@@*
0xbf,0xf2,0x00,0x00,0x00,0x3f,0xf7,  //%@@+......*@@*
0x7f,0xf7,0x00,0x00,0x00,0x9f,0xf7,  //*@@*......%@@*
0x1f,0xfe,0x20,0x00,0x02,0xff,0xf7,  //+@@#+....+@@@*
0x08,0xff,0xe6,0x33,0x8f,0xff,0xf7,  //.%@@#***%@@@@*
0x00,0xcf,0xff,0xff,0xff,0x5f,0xf7,  //..#@@@@@@@*@@*
0x00,0x07,0xef,0xff,0xd4,0x0c,0xf7,  //...*#@@@#*.#@*


/* e */
0x00,0x07,0xdf,0xff,0xfd,0x30,0x00,  //...*#@@@@#*..
0x00,0xbf,0xff,0xff,0xff,0xf5,0x00,  //..%@@@@@@@@*.
0x08,0xff,0xd5,0x02,0x7f,0xfe,0x10,  //.%@@#*.+*@@#+
0x1f,0xfd,0x00,0x00,0x07,0xff,0x90,  //+@@#.....*@@%
0x7f,0xf5,0x00,0x00,0x00,0xff,0xd0,  //*@@*......@@#
0xbf,0xf9,0x77,0x77,0x77,0xff,0xf0,  //%@@%******@@@
0xbf,0xff,0xff,0xff,0xff,0xff,0xf0,  //%@@@@@@@@@@@@
0xbf,0xfb,0xbb,0xbb,0xbb,0xbb,0xb0,  //%@@%%%%%%%%%%
0xbf,0xf3,0x00,0x00,0x00,0x00,0x00,  //%@@*.........
0x7f,0xf7,0x00,0x00,0x00,0x00,0x00,  //*@@*.........
0x1f,0xfe,0x20,0x00,0x00,0xb4,0x00,  //+@@#+.....%*.
0x08,0xff,0xe7,0x33,0x4c,0xff,0x40,  //.%@@#****#@@*
0x00,0x9f,0xff,0xff,0xff,0xfa,0x00,  //..%@@@@@@@@%.
0x00,0x05,0xdf,0xff,0xfd,0x70,0x00,  //...*#@@@@#*..


/* f */
0x00,0x00,0x05,0xbc,0xb8,0x10,  //.....*%#%%+
0x00,0x00,0xbf,0xff,0xff,0x70,  //....%@@@@@*
0x00,0x07,0xff,0xeb,0xbe,0x00,  //...*@@#%%#.
0x00,0x0d,0xff,0x20,0x00,0x00,  //...#@@+....
0x00,0x0f,0xfb,0x00,0x00,0x00,  //...@@%.....
0x00,0x2f,0xfb,0x00,0x00,0x00,  //..+@@%.....
0x00,0x3f,0xfb,0x00,0x00,0x00,  //..*@@%.....
0x7f,0xff,0xff,0xff,0xf3,0x00,  //*@@@@@@@@*.
0x7f,0xff,0xff,0xff,0xf3,0x00,  //*@@@@@@@@*.
0x13,0x6f,0xfc,0x33,0x30,0x00,  //+**@@#***..
0x00,0x3f,0xfb,0x00,0x00,0x00,  //..*@@%.....
0x00,0x3f,0xfb,0x00,0x00,0x00,  //..*@@%.....
0x00,0x3f,0xfb,0x00,0x00,0x00,  //..*@@%.....
0x00,0x3f,0xfb,0x00,0x00,0x00,  //..*@@%.....
0x00,0x3f,0xfb,0x00,0x00,0x00,  //..*@@%.....
0x00,0x3f,0xfb,0x00,0x00,0x00,  //..*@@%.....
0x00,0x3f,0xfb,0x00,0x00,0x00,  //..*@@%.....
0x00,0x3f,0xfb,0x00,0x00,0x00,  //..*@@%.....
0x00,0x3f,0xfb,0x00,0x00,0x00,  //..*@@%.....
0x00,0x3f,0xfb,0x00,0x00,0x00,  //..*@@%.....
0x00,0x3f,0xfb,0x00,0x00,0x00,  //..*@@%.....


/* g */
0x00,0x07,0xef,0xff,0xe6,0x0c,0xf7,  //...*#@@@#*.#@*
0x00,0xcf,0xff,0xff,0xff,0x7f,0xf7,  //..#@@@@@@@*@@*
0x09,0xff,0xe7,0x33,0x9f,0xff,0xf7,  //.%@@#***%@@@@*
0x1f,0xfe,0x20,0x00,0x02,0xff,0xf7,  //+@@#+....+@@@*
0x7f,0xf7,0x00,0x00,0x00,0x9f,0xf7,  //*@@*......%@@*
0xbf,0xf2,0x00,0x00,0x00,0x3f,0xf7,  //%@@+......*@@*
0xbf,0xf0,0x00,0x00,0x00,0x3f,0xf7,  //%@@.......*@@*
0xbf,0xf0,0x00,0x00,0x00,0x3f,0xf7,  //%@@.......*@@*
0xbf,0xf2,0x00,0x00,0x00,0x3f,0xf7,  //%@@+......*@@*
0x7f,0xf7,0x00,0x00,0x00,0x9f,0xf7,  //*@@*......%@@*
0x1f,0xfe,0x20,0x00,0x02,0xff,0xf7,  //+@@#+....+@@@*
0x08,0xff,0xe6,0x33,0x8f,0xff,0xf7,  //.%@@#***%@@@@*
0x00,0xcf,0xff,0xff,0xff,0x7f,0xf7,  //..#@@@@@@@*@@*
0x00,0x07,0xef,0xff,0xd4,0x3f,0xf7,  //...*#@@@#**@@*
0x00,0x00,0x03,0x32,0x00,0x3f,0xf7,  //.....**+..*@@*
0x00,0x00,0x00,0x00,0x00,0x7f,0xf5,  //..........*@@*
0x05,0xe3,0x00,0x00,0x00,0xdf,0xf1,  //.*#*......#@@+
0x1f,0xfe,0x60,0x00,0x3c,0xff,0x90,  //+@@#*...*#@@%.
0x07,0xff,0xff,0xff,0xff,0xfc,0x00,  //.*@@@@@@@@@#..
0x00,0x5e,0xff,0xff,0xff,0x90,0x00,  //..*#@@@@@@%...
0x00,0x00,0x47,0x77,0x61,0x00,0x00,  //....*****+....


/* h */
0x77,0x50,0x00,0x00,0x00,0x00,  //***.........
0xff,0xb0,0x00,0x00,0x00,0x00,  //@@%.........
0xff,0xb0,0x00,0x00,0x00,0x00,  //@@%.........
0xff,0xb0,0x00,0x00,0x00,0x00,  //@@%.........
0xff,0xb0,0x00,0x00,0x00,0x00,  //@@%.........
0xff,0xb0,0x00,0x00,0x00,0x00,  //@@%.........
0xff,0xb0,0x01,0x33,0x20,0x00,  //@@%..+**+...
0xff,0xb0,0xaf,0xff,0xfc,0x20,  //@@%.%@@@@#+.
0xff,0xcc,0xff,0xff,0xff,0xe1,  //@@##@@@@@@#+
0xff,0xff,0xb4,0x35,0xef,0xf9,  //@@@@%***#@@%
0xff,0xf9,0x00,0x00,0x3f,0xfe,  //@@@%....*@@#
0xff,0xf0,0x00,0x00,0x0d,0xff,  //@@@......#@@
0xff,0xb0,0x00,0x00,0x0b,0xff,  //@@%......%@@
0xff,0xb0,0x00,0x00,0x0b,0xff,  //@@%......%@@
0xff,0xb0,0x00,0x00,0x0b,0xff,  //@@%......%@@
0xff,0xb0,0x00,0x00,0x0b,0xff,  //@@%......%@@
0xff,0xb0,0x00,0x00,0x0b,0xff,  //@@%......%@@
0xff,0xb0,0x00,0x00,0x0b,0xff,  //@@%......%@@
0xff,0xb0,0x00,0x00,0x0b,0xff,  //@@%......%@@
0xff,0xb0,0x00,0x00,0x0b,0xff,  //@@%......%@@
0xff,0xb0,0x00,0x00,0x0b,0xff,  //@@%......%@@


/* i */
0x8c,0x50,  //%#*
0xff,0xf0,  //@@@
0xff,0xe0,  //@@#
0x7b,0x40,  //*%*
0x00,0x00,  //...
0x00,0x00,  //...
0xff,0xb0,  //@@%
0xff,0xb0,  //@@%
0xff,0xb0,  //@@%
0xff,0xb0,  //@@%
0xff,0xb0,  //@@%
0xff,0xb0,  //@@%
0xff,0xb0,  //@@%
0xff,0xb0,  //@@%
0xff,0xb0,  //@@%
0xff,0xb0,  //@@%
0xff,0xb0,  //@@%
0xff,0xb0,  //@@%
0xff,0xb0,  //@@%
0xff,0xb0,  //@@%


/* j */
0x00,0x00,0x08,0xc5,  //.....%#*
0x00,0x00,0x5f,0xff,  //....*@@@
0x00,0x00,0x4f,0xfe,  //....*@@#
0x00,0x00,0x07,0xb3,  //.....*%*
0x00,0x00,0x00,0x00,  //........
0x00,0x00,0x00,0x00,  //........
0x00,0x00,0x0f,0xfb,  //.....@@%
0x00,0x00,0x0f,0xfb,  //.....@@%
0x00,0x00,0x0f,0xfb,  //.....@@%
0x00,0x00,0x0f,0xfb,  //.....@@%
0x00,0x00,0x0f,0xfb,  //.....@@%
0x00,0x00,0x0f,0xfb,  //.....@@%
0x00,0x00,0x0f,0xfb,  //.....@@%
0x00,0x00,0x0f,0xfb,  //.....@@%
0x00,0x00,0x0f,0xfb,  //.....@@%
0x00,0x00,0x0f,0xfb,  //.....@@%
0x00,0x00,0x0f,0xfb,  //.....@@%
0x00,0x00,0x0f,0xfb,  //.....@@%
0x00,0x00,0x0f,0xfb,  //.....@@%
0x00,0x00,0x0f,0xfb,  //.....@@%
0x00,0x00,0x0f,0xfb,  //.....@@%
0x00,0x00,0x0f,0xfb,  //.....@@%
0x00,0x00,0x4f,0xf9,  //....*@@%
0x15,0x00,0xcf,0xf5,  //+*..#@@*
0xcf,0xff,0xff,0xc0,  //#@@@@@#.
0xef,0xff,0xfc,0x00,  //#@@@@#..
0x06,0x77,0x40,0x00,  //.****...


/* k */
0x77,0x50,0x00,0x00,0x00,0x00,0x00,  //***..........
0xff,0xb0,0x00,0x00,0x00,0x00,0x00,  //@@%..........
0xff,0xb0,0x00,0x00,0x00,0x00,0x00,  //@@%..........
0xff,0xb0,0x00,0x00,0x00,0x00,0x00,  //@@%..........
0xff,0xb0,0x00,0x00,0x00,0x00,0x00,  //@@%..........
0xff,0xb0,0x00,0x00,0x00,0x00,0x00,  //@@%..........
0xff,0xb0,0x00,0x00,0x00,0x00,0x00,  //@@%..........
0xff,0xb0,0x00,0x00,0x9f,0xf9,0x00,  //@@%.....%@@%.
0xff,0xb0,0x00,0x08,0xff,0xc0,0x00,  //@@%....%@@#..
0xff,0xb0,0x00,0x5f,0xfc,0x00,0x00,  //@@%...*@@#...
0xff,0xb0,0x03,0xff,0xd0,0x00,0x00,  //@@%..*@@#....
0xff,0xb0,0x2e,0xfe,0x20,0x00,0x00,  //@@%.+#@#+....
0xff,0xb0,0xef,0xf2,0x00,0x00,0x00,  //@@%.#@@+.....
0xff,0xcc,0xff,0xf7,0x00,0x00,0x00,  //@@##@@@*.....
0xff,0xff,0xff,0xff,0x20,0x00,0x00,  //@@@@@@@@+....
0xff,0xff,0x77,0xff,0xd0,0x00,0x00,  //@@@@**@@#....
0xff,0xf9,0x00,0xbf,0xf8,0x00,0x00,  //@@@%..%@@%...
0xff,0xc0,0x00,0x1e,0xff,0x30,0x00,  //@@#...+#@@*..
0xff,0xb0,0x00,0x06,0xff,0xe0,0x00,  //@@%....*@@#..
0xff,0xb0,0x00,0x00,0xbf,0xfa,0x00,  //@@%.....%@@%.
0xff,0xb0,0x00,0x00,0x0e,0xff,0x50,  //@@%......#@@*


/* l */
0x77,0x50,  //***
0xff,0xb0,  //@@%
0xff,0xb0,  //@@%
0xff,0xb0,  //@@%
0xff,0xb0,  //@@%
0xff,0xb0,  //@@%
0xff,0xb0,  //@@%
0xff,0xb0,  //@@%
0xff,0xb0,  //@@%
0xff,0xb0,  //@@%
0xff,0xb0,  //@@%
0xff,0xb0,  //@@%
0xff,0xb0,  //@@%
0xff,0xb0,  //@@%
0xff,0xb0,  //@@%
0xff,0xb0,  //@@%
0xff,0xb0,  //@@%
0xff,0xb0,  //@@%
0xff,0xb0,  //@@%
0xff,0xb0,  //@@%
0xff,0xb0,  //@@%


/* m */
0xff,0x72,0xdf,0xff,0xe4,0x00,0x8f,0xff,0xf8,0x00,  //@@*+#@@@#*..%@@@@%.
0xff,0x9e,0xff,0xff,0xfe,0x1a,0xff,0xff,0xff,0x70,  //@@%#@@@@@#+%@@@@@@*
0xff,0xff,0x83,0x4c,0xff,0xcf,0xc4,0x3a,0xff,0xe0,  //@@@@%**#@@#@#**%@@#
0xff,0xf7,0x00,0x01,0xff,0xfc,0x00,0x00,0xbf,0xf0,  //@@@*...+@@@#....%@@
0xff,0xe0,0x00,0x00,0xcf,0xf5,0x00,0x00,0x6f,0xf0,  //@@#.....#@@*....*@@
0xff,0xb0,0x00,0x00,0xbf,0xf1,0x00,0x00,0x3f,0xf0,  //@@%.....%@@+....*@@
0xff,0xb0,0x00,0x00,0xbf,0xf0,0x00,0x00,0x3f,0xf0,  //@@%.....%@@.....*@@
0xff,0xb0,0x00,0x00,0xbf,0xf0,0x00,0x00,0x3f,0xf0,  //@@%.....%@@.....*@@
0xff,0xb0,0x00,0x00,0xbf,0xf0,0x00,0x00,0x3f,0xf0,  //@@%.....%@@.....*@@
0xff,0xb0,0x00,0x00,0xbf,0xf0,0x00,0x00,0x3f,0xf0,  //@@%.....%@@.....*@@
0xff,0xb0,0x00,0x00,0xbf,0xf0,0x00,0x00,0x3f,0xf0,  //@@%.....%@@.....*@@
0xff,0xb0,0x00,0x00,0xbf,0xf0,0x00,0x00,0x3f,0xf0,  //@@%.....%@@.....*@@
0xff,0xb0,0x00,0x00,0xbf,0xf0,0x00,0x00,0x3f,0xf0,  //@@%.....%@@.....*@@
0xff,0xb0,0x00,0x00,0xbf,0xf0,0x00,0x00,0x3f,0xf0,  //@@%.....%@@.....*@@


/* n */
0xff,0x70,0xbf,0xff,0xfc,0x20,  //@@*.%@@@@#+.
0xff,0x8c,0xff,0xff,0xff,0xe1,  //@@%#@@@@@@#+
0xff,0xef,0xb4,0x35,0xef,0xf9,  //@@#@%***#@@%
0xff,0xf9,0x00,0x00,0x3f,0xfe,  //@@@%....*@@#
0xff,0xf0,0x00,0x00,0x0d,0xff,  //@@@......#@@
0xff,0xb0,0x00,0x00,0x0b,0xff,  //@@%......%@@
0xff,0xb0,0x00,0x00,0x0b,0xff,  //@@%......%@@
0xff,0xb0,0x00,0x00,0x0b,0xff,  //@@%......%@@
0xff,0xb0,0x00,0x00,0x0b,0xff,  //@@%......%@@
0xff,0xb0,0x00,0x00,0x0b,0xff,  //@@%......%@@
0xff,0xb0,0x00,0x00,0x0b,0xff,  //@@%......%@@
0xff,0xb0,0x00,0x00,0x0b,0xff,  //@@%......%@@
0xff,0xb0,0x00,0x00,0x0b,0xff,  //@@%......%@@
0xff,0xb0,0x00,0x00,0x0b,0xff,  //@@%......%@@


/* o */
0x00,0x04,0xdf,0xff,0xfd,0x50,0x00,  //...*#@@@@#*...
0x00,0x9f,0xff,0xff,0xff,0xf9,0x00,  //..%@@@@@@@@%..
0x07,0xff,0xe7,0x33,0x7e,0xff,0x70,  //.*@@#****#@@*.
0x1e,0xff,0x20,0x00,0x02,0xef,0xf1,  //+#@@+....+#@@+
0x6f,0xf8,0x00,0x00,0x00,0x7f,0xf7,  //*@@%......*@@*
0xbf,0xf3,0x00,0x00,0x00,0x2f,0xfb,  //%@@*......+@@%
0xbf,0xf0,0x00,0x00,0x00,0x0f,0xfb,  //%@@........@@%
0xbf,0xf0,0x00,0x00,0x00,0x0f,0xfc,  //%@@........@@#
0xbf,0xf3,0x00,0x00,0x00,0x2f,0xfb,  //%@@*......+@@%
0x6f,0xf9,0x00,0x00,0x00,0x7f,0xf6,  //*@@%......*@@*
0x0e,0xff,0x20,0x00,0x02,0xef,0xf1,  //.#@@+....+#@@+
0x06,0xff,0xf8,0x33,0x7e,0xff,0x70,  //.*@@@%***#@@*.
0x00,0x9f,0xff,0xff,0xff,0xf9,0x00,  //..%@@@@@@@@%..
0x00,0x04,0xcf,0xff,0xfd,0x40,0x00,  //...*#@@@@#*...


/* p */
0xff,0x70,0x9f,0xff,0xfd,0x40,0x00,  //@@*.%@@@@#*..
0xff,0x8c,0xff,0xff,0xff,0xf5,0x00,  //@@%#@@@@@@@*.
0xff,0xef,0xd5,0x33,0x9f,0xff,0x30,  //@@#@#***%@@@*
0xff,0xfc,0x00,0x00,0x07,0xff,0xb0,  //@@@#.....*@@%
0xff,0xf2,0x00,0x00,0x00,0xdf,0xf0,  //@@@+......#@@
0xff,0xd0,0x00,0x00,0x00,0x9f,0xf0,  //@@#.......%@@
0xff,0xb0,0x00,0x00,0x00,0x7f,0xf0,  //@@%.......*@@
0xff,0xb0,0x00,0x00,0x00,0x7f,0xf0,  //@@%.......*@@
0xff,0xd0,0x00,0x00,0x00,0x9f,0xf0,  //@@#.......%@@
0xff,0xf2,0x00,0x00,0x00,0xdf,0xf0,  //@@@+......#@@
0xff,0xfc,0x00,0x00,0x07,0xff,0xb0,  //@@@#.....*@@%
0xff,0xff,0xd6,0x34,0xaf,0xff,0x30,  //@@@@#***%@@@*
0xff,0xbc,0xff,0xff,0xff,0xf5,0x00,  //@@%#@@@@@@@*.
0xff,0xb0,0x8f,0xff,0xfd,0x30,0x00,  //@@%.%@@@@#*..
0xff,0xb0,0x00,0x33,0x20,0x00,0x00,  //@@%...**+....
0xff,0xb0,0x00,0x00,0x00,0x00,0x00,  //@@%..........
0xff,0xb0,0x00,0x00,0x00,0x00,0x00,  //@@%..........
0xff,0xb0,0x00,0x00,0x00,0x00,0x00,  //@@%..........
0xff,0xb0,0x00,0x00,0x00,0x00,0x00,  //@@%..........
0xff,0xb0,0x00,0x00,0x00,0x00,0x00,  //@@%..........


/* q */
0x00,0x08,0xff,0xff,0xe6,0x0c,0xf7,  //...%@@@@#*.#@*
0x00,0xcf,0xff,0xff,0xff,0x7f,0xf7,  //..#@@@@@@@*@@*
0x09,0xff,0xe5,0x33,0x7f,0xff,0xf7,  //.%@@#****@@@@*
0x1f,0xfe,0x20,0x00,0x02,0xff,0xf7,  //+@@#+....+@@@*
0x8f,0xf7,0x00,0x00,0x00,0x8f,0xf7,  //%@@*......%@@*
0xbf,0xf2,0x00,0x00,0x00,0x3f,0xf7,  //%@@+......*@@*
0xbf,0xf0,0x00,0x00,0x00,0x3f,0xf7,  //%@@.......*@@*
0xbf,0xf0,0x00,0x00,0x00,0x3f,0xf7,  //%@@.......*@@*
0xbf,0xf2,0x00,0x00,0x00,0x3f,0xf7,  //%@@+......*@@*
0x7f,0xf7,0x00,0x00,0x00,0x9f,0xf7,  //*@@*......%@@*
0x1f,0xfe,0x20,0x00,0x02,0xff,0xf7,  //+@@#+....+@@@*
0x08,0xff,0xe7,0x33,0x9f,0xff,0xf7,  //.%@@#***%@@@@*
0x00,0xcf,0xff,0xff,0xff,0x9f,0xf7,  //..#@@@@@@@%@@*
0x00,0x07,0xef,0xff,0xd4,0x3f,0xf7,  //...*#@@@#**@@*
0x00,0x00,0x03,0x32,0x00,0x3f,0xf7,  //.....**+..*@@*
0x00,0x00,0x00,0x00,0x00,0x3f,0xf7,  //..........*@@*
0x00,0x00,0x00,0x00,0x00,0x3f,0xf7,  //..........*@@*
0x00,0x00,0x00,0x00,0x00,0x3f,0xf7,  //..........*@@*
0x00,0x00,0x00,0x00,0x00,0x3f,0xf7,  //..........*@@*
0x00,0x00,0x00,0x00,0x00,0x3f,0xf7,  //..........*@@*


/* r */
0xff,0x72,0xdf,0xff,0x70,  //@@*+#@@@*
0xff,0x8e,0xff,0xff,0x10,  //@@%#@@@@+
0xff,0xef,0xa3,0x34,0x00,  //@@#@%***.
0xff,0xfa,0x00,0x00,0x00,  //@@@%.....
0xff,0xf1,0x00,0x00,0x00,  //@@@+.....
0xff,0xd0,0x00,0x00,0x00,  //@@#......
0xff,0xb0,0x00,0x00,0x00,  //@@%......
0xff,0xb0,0x00,0x00,0x00,  //@@%......
0xff,0xb0,0x00,0x00,0x00,  //@@%......
0xff,0xb0,0x00,0x00,0x00,  //@@%......
0xff,0xb0,0x00,0x00,0x00,  //@@%......
0xff,0xb0,0x00,0x00,0x00,  //@@%......
0xff,0xb0,0x00,0x00,0x00,  //@@%......
0xff,0xb0,0x00,0x00,0x00,  //@@%......


/* s */
0x00,0x9f,0xff,0xff,0x90,0x00,  //..%@@@@@%..
0x0e,0xff,0xff,0xff,0xfc,0x00,  //.#@@@@@@@#.
0x9f,0xfa,0x20,0x3b,0xff,0x50,  //%@@%+.*%@@*
0xbf,0xf0,0x00,0x00,0xa5,0x00,  //%@@.....%*.
0xbf,0xf4,0x00,0x00,0x00,0x00,  //%@@*.......
0x7f,0xff,0xa5,0x00,0x00,0x00,  //*@@@%*.....
0x08,0xff,0xff,0xfc,0x50,0x00,  //.%@@@@@#*..
0x00,0x16,0xcf,0xff,0xfb,0x00,  //..+*#@@@@%.
0x00,0x00,0x01,0x7e,0xff,0x60,  //.....+*#@@*
0x02,0x00,0x00,0x04,0xff,0xb0,  //.+.....*@@%
0x9f,0x20,0x00,0x03,0xff,0xb0,  //%@+....*@@%
0xff,0xe7,0x10,0x4c,0xff,0x60,  //@@#*+.*#@@*
0x5f,0xff,0xff,0xff,0xfc,0x00,  //*@@@@@@@@#.
0x03,0xcf,0xff,0xfe,0x80,0x00,  //.*#@@@@#%..


/* t */
0x00,0x7f,0xf7,0x00,0x00,  //..*@@*....
0x00,0x7f,0xf7,0x00,0x00,  //..*@@*....
0x00,0x7f,0xf7,0x00,0x00,  //..*@@*....
0x00,0x7f,0xf7,0x00,0x00,  //..*@@*....
0xbf,0xff,0xff,0xff,0xf7,  //%@@@@@@@@*
0xbf,0xff,0xff,0xff,0xf7,  //%@@@@@@@@*
0x23,0x9f,0xf9,0x33,0x31,  //+*%@@%***+
0x00,0x7f,0xf7,0x00,0x00,  //..*@@*....
0x00,0x7f,0xf7,0x00,0x00,  //..*@@*....
0x00,0x7f,0xf7,0x00,0x00,  //..*@@*....
0x00,0x7f,0xf7,0x00,0x00,  //..*@@*....
0x00,0x7f,0xf7,0x00,0x00,  //..*@@*....
0x00,0x7f,0xf7,0x00,0x00,  //..*@@*....
0x00,0x4f,0xf7,0x00,0x00,  //..*@@*....
0x00,0x3f,0xf9,0x00,0x00,  //..*@@%....
0x00,0x1f,0xff,0x73,0x54,  //..+@@@****
0x00,0x0a,0xff,0xff,0xfd,  //...%@@@@@#
0x00,0x00,0x9f,0xff,0xfd,  //....%@@@@#


/* u */
0xff,0x70,0x00,0x00,0x0f,0xff,  //@@*......@@@
0xff,0x70,0x00,0x00,0x0f,0xff,  //@@*......@@@
0xff,0x70,0x00,0x00,0x0f,0xff,  //@@*......@@@
0xff,0x70,0x00,0x00,0x0f,0xff,  //@@*......@@@
0xff,0x70,0x00,0x00,0x0f,0xff,  //@@*......@@@
0xff,0x70,0x00,0x00,0x0f,0xff,  //@@*......@@@
0xff,0x70,0x00,0x00,0x0f,0xff,  //@@*......@@@
0xff,0x70,0x00,0x00,0x0f,0xff,  //@@*......@@@
0xff,0x70,0x00,0x00,0x0f,0xff,  //@@*......@@@
0xff,0xb0,0x00,0x00,0x2f,0xff,  //@@%.....+@@@
0xff,0xf2,0x00,0x00,0xcf,0xff,  //@@@+....#@@@
0xaf,0xfe,0x53,0x5c,0xff,0xff,  //%@@#***#@@@@
0x2e,0xff,0xff,0xff,0xba,0xff,  //+#@@@@@@%%@@
0x02,0xdf,0xff,0xf8,0x07,0xff,  //.+#@@@@%.*@@


/* v */
0x8f,0xf8,0x00,0x00,0x00,0x0e,0xfe,  //%@@%.......#@#
0x1f,0xfe,0x00,0x00,0x00,0x4f,0xf7,  //+@@#......*@@*
0x0a,0xff,0x50,0x00,0x00,0x9f,0xf1,  //.%@@*.....%@@+
0x04,0xff,0xa0,0x00,0x00,0xff,0xa0,  //.*@@%.....@@%.
0x00,0xdf,0xf1,0x00,0x05,0xff,0x40,  //..#@@+...*@@*.
0x00,0x6f,0xf7,0x00,0x0c,0xfd,0x00,  //..*@@*...#@#..
0x00,0x0e,0xfd,0x00,0x1f,0xf6,0x00,  //...#@#..+@@*..
0x00,0x09,0xff,0x40,0x8f,0xf0,0x00,  //...%@@*.%@@...
0x00,0x01,0xff,0xa0,0xdf,0x90,0x00,  //...+@@%.#@%...
0x00,0x00,0xbf,0xf5,0xff,0x30,0x00,  //....%@@*@@*...
0x00,0x00,0x5f,0xfe,0xfd,0x00,0x00,  //....*@@#@#....
0x00,0x00,0x0d,0xff,0xf5,0x00,0x00,  //.....#@@@*....
0x00,0x00,0x07,0xff,0xe0,0x00,0x00,  //.....*@@#.....
0x00,0x00,0x00,0xff,0x90,0x00,0x00,  //......@@%.....


/* w */
0x9f,0xf4,0x00,0x00,0x06,0xff,0x10,0x00,0x00,0x9f,0xe0,  //%@@*.....*@@+.....%@#
0x2f,0xf9,0x00,0x00,0x0c,0xff,0x60,0x00,0x00,0xef,0x90,  //+@@%.....#@@*.....#@%
0x0d,0xfe,0x00,0x00,0x1f,0xff,0xc0,0x00,0x04,0xff,0x40,  //.#@#....+@@@#....*@@*
0x06,0xff,0x40,0x00,0x6f,0xff,0xf1,0x00,0x08,0xfe,0x00,  //.*@@*...*@@@@+...%@#.
0x01,0xff,0x90,0x00,0xaf,0xdf,0xf6,0x00,0x0d,0xf9,0x00,  //.+@@%...%@#@@*...#@%.
0x00,0xaf,0xe0,0x00,0xff,0x5c,0xfd,0x00,0x2f,0xf2,0x00,  //..%@#...@@*#@#..+@@+.
0x00,0x5f,0xf5,0x05,0xfe,0x06,0xff,0x20,0x8f,0xd0,0x00,  //..*@@*.*@#.*@@+.%@#..
0x00,0x0e,0xfa,0x0a,0xf9,0x00,0xff,0x80,0xdf,0x80,0x00,  //...#@%.%@%..@@%.#@%..
0x00,0x09,0xff,0x0f,0xf4,0x00,0xaf,0xd2,0xff,0x10,0x00,  //...%@@.@@*..%@#+@@+..
0x00,0x03,0xff,0xaf,0xe0,0x00,0x5f,0xfb,0xfc,0x00,0x00,  //...*@@%@#...*@@%@#...
0x00,0x00,0xdf,0xff,0x80,0x00,0x0e,0xff,0xf6,0x00,0x00,  //....#@@@%....#@@@*...
0x00,0x00,0x7f,0xff,0x20,0x00,0x09,0xff,0xf1,0x00,0x00,  //....*@@@+....%@@@+...
0x00,0x00,0x1f,0xfd,0x00,0x00,0x03,0xff,0xa0,0x00,0x00,  //....+@@#.....*@@%....
0x00,0x00,0x0b,0xf8,0x00,0x00,0x00,0xdf,0x50,0x00,0x00,  //.....%@%......#@*....


/* x */
0x5f,0xfd,0x00,0x00,0x00,0xdf,0xf2,  //*@@#......#@@+
0x0a,0xff,0xa0,0x00,0x09,0xff,0x60,  //.%@@%....%@@*.
0x00,0xdf,0xf4,0x00,0x4f,0xfa,0x00,  //..#@@*..*@@%..
0x00,0x2f,0xfe,0x11,0xef,0xe0,0x00,  //..+@@#++#@#...
0x00,0x07,0xff,0xbb,0xff,0x30,0x00,  //...*@@%%@@*...
0x00,0x00,0xbf,0xff,0xf7,0x00,0x00,  //....%@@@@*....
0x00,0x00,0x0e,0xff,0xc0,0x00,0x00,  //.....#@@#.....
0x00,0x00,0x0d,0xff,0xc0,0x00,0x00,  //.....#@@#.....
0x00,0x00,0xaf,0xff,0xf8,0x00,0x00,  //....%@@@@%....
0x00,0x06,0xff,0x9d,0xff,0x40,0x00,  //...*@@%#@@*...
0x00,0x2f,0xfd,0x02,0xff,0xe0,0x00,  //..+@@#.+@@#...
0x00,0xdf,0xf2,0x00,0x7f,0xfb,0x00,  //..#@@+..*@@%..
0x09,0xff,0x70,0x00,0x0b,0xff,0x60,  //.%@@*....%@@*.
0x5f,0xfb,0x00,0x00,0x01,0xef,0xf2,  //*@@%.....+#@@+


/* y */
0x9f,0xf7,0x00,0x00,0x00,0x0c,0xff,  //%@@*.......#@@
0x3f,0xfd,0x00,0x00,0x00,0x2f,0xf9,  //*@@#......+@@%
0x0c,0xff,0x30,0x00,0x00,0x8f,0xf3,  //.#@@*.....%@@*
0x05,0xff,0x90,0x00,0x00,0xdf,0xd0,  //.*@@%.....#@#.
0x00,0xef,0xf0,0x00,0x04,0xff,0x60,  //..#@@....*@@*.
0x00,0x8f,0xf6,0x00,0x09,0xff,0x00,  //..%@@*...%@@..
0x00,0x1f,0xfc,0x00,0x0e,0xf9,0x00,  //..+@@#...#@%..
0x00,0x0b,0xff,0x20,0x5f,0xf4,0x00,  //...%@@+.*@@*..
0x00,0x04,0xff,0x90,0xaf,0xd0,0x00,  //...*@@%.%@#...
0x00,0x00,0xdf,0xe1,0xff,0x70,0x00,  //....#@#+@@*...
0x00,0x00,0x7f,0xfc,0xff,0x10,0x00,  //....*@@#@@+...
0x00,0x00,0x0f,0xff,0xfa,0x00,0x00,  //.....@@@@%....
0x00,0x00,0x09,0xff,0xf4,0x00,0x00,  //.....%@@@*....
0x00,0x00,0x03,0xff,0xd0,0x00,0x00,  //.....*@@#.....
0x00,0x00,0x01,0xff,0x70,0x00,0x00,  //.....+@@*.....
0x00,0x00,0x07,0xff,0x10,0x00,0x00,  //.....*@@+.....
0x00,0x00,0x0e,0xfa,0x00,0x00,0x00,  //.....#@%......
0x03,0x00,0xaf,0xf3,0x00,0x00,0x00,  //.*..%@@*......
0x5f,0xff,0xff,0xa0,0x00,0x00,0x00,  //*@@@@@%.......
0xcf,0xff,0xfc,0x00,0x00,0x00,0x00,  //#@@@@#........
0x06,0x77,0x50,0x00,0x00,0x00,0x00,  //.****.........


/* z */
0xbf,0xff,0xff,0xff,0xff,0xb0,  //%@@@@@@@@@%
0xbf,0xff,0xff,0xff,0xff,0xa0,  //%@@@@@@@@@%
0x23,0x33,0x33,0x6f,0xfe,0x10,  //+******@@#+
0x00,0x00,0x00,0xcf,0xf4,0x00,  //......#@@*.
0x00,0x00,0x08,0xff,0x90,0x00,  //.....%@@%..
0x00,0x00,0x3f,0xfd,0x00,0x00,  //....*@@#...
0x00,0x00,0xef,0xf3,0x00,0x00,  //....#@@*...
0x00,0x0a,0xff,0x70,0x00,0x00,  //...%@@*....
0x00,0x5f,0xfc,0x00,0x00,0x00,  //..*@@#.....
0x01,0xef,0xe2,0x00,0x00,0x00,  //.+#@#+.....
0x0c,0xff,0x60,0x00,0x00,0x00,  //.#@@*......
0x7f,0xfc,0x33,0x33,0x33,0x30,  //*@@#*******
0xff,0xff,0xff,0xff,0xff,0xf0,  //@@@@@@@@@@@
0xff,0xff,0xff,0xff,0xff,0xf0,  //@@@@@@@@@@@


/* { */
0x00,0x00,0x2a,0xef,0xb0,  //....+%#@%
0x00,0x03,0xff,0xff,0xb0,  //...*@@@@%
0x00,0x0a,0xff,0xd8,0x50,  //...%@@#%*
0x00,0x0f,0xff,0x10,0x00,  //...@@@+..
0x00,0x0f,0xfc,0x00,0x00,  //...@@#...
0x00,0x0f,0xfb,0x00,0x00,  //...@@%...
0x00,0x0f,0xfb,0x00,0x00,  //...@@%...
0x00,0x0f,0xfb,0x00,0x00,  //...@@%...
0x00,0x0f,0xfb,0x00,0x00,  //...@@%...
0x00,0x4f,0xfa,0x00,0x00,  //..*@@%...
0x02,0xcf,0xf5,0x00,0x00,  //.+#@@*...
0xff,0xff,0xc0,0x00,0x00,  //@@@@#....
0xff,0xfb,0x00,0x00,0x00,  //@@@%.....
0xff,0xff,0xc0,0x00,0x00,  //@@@@#....
0x02,0xcf,0xf5,0x00,0x00,  //.+#@@*...
0x00,0x4f,0xfa,0x00,0x00,  //..*@@%...
0x00,0x0f,0xfb,0x00,0x00,  //...@@%...
0x00,0x0f,0xfb,0x00,0x00,  //...@@%...
0x00,0x0f,0xfb,0x00,0x00,  //...@@%...
0x00,0x0f,0xfb,0x00,0x00,  //...@@%...
0x00,0x0f,0xfc,0x00,0x00,  //...@@#...
0x00,0x0f,0xff,0x10,0x00,  //...@@@+..
0x00,0x0a,0xff,0xd8,0x50,  //...%@@#%*
0x00,0x03,0xff,0xff,0xb0,  //...*@@@@%
0x00,0x00,0x29,0xef,0xb0,  //....+%#@%


/* | */
0xbf,0xf0,  //%@@
0xbf,0xf0,  //%@@
0xbf,0xf0,  //%@@
0xbf,0xf0,  //%@@
0xbf,0xf0,  //%@@
0xbf,0xf0,  //%@@
0xbf,0xf0,  //%@@
0xbf,0xf0,  //%@@
0xbf,0xf0,  //%@@
0xbf,0xf0,  //%@@
0xbf,0xf0,  //%@@
0xbf,0xf0,  //%@@
0xbf,0xf0,  //%@@
0xbf,0xf0,  //%@@
0xbf,0xf0,  //%@@
0xbf,0xf0,  //%@@
0xbf,0xf0,  //%@@
0xbf,0xf0,  //%@@
0xbf,0xf0,  //%@@
0xbf,0xf0,  //%@@
0xbf,0xf0,  //%@@
0xbf,0xf0,  //%@@
0xbf,0xf0,  //%@@
0xbf,0xf0,  //%@@
0xbf,0xf0,  //%@@


/* } */
0xff,0xb5,0x00,0x00,  //@@%*....
0xff,0xff,0x80,0x00,  //@@@@%...
0x7b,0xff,0xf1,0x00,  //*%@@@+..
0x00,0xbf,0xf4,0x00,  //..%@@*..
0x00,0x7f,0xf7,0x00,  //..*@@*..
0x00,0x7f,0xf7,0x00,  //..*@@*..
0x00,0x7f,0xf7,0x00,  //..*@@*..
0x00,0x7f,0xf7,0x00,  //..*@@*..
0x00,0x7f,0xf7,0x00,  //..*@@*..
0x00,0x4f,0xf9,0x00,  //..*@@%..
0x00,0x0f,0xff,0x50,  //...@@@*.
0x00,0x05,0xff,0xff,  //...*@@@@
0x00,0x00,0x7f,0xff,  //....*@@@
0x00,0x06,0xff,0xff,  //...*@@@@
0x00,0x0f,0xff,0x50,  //...@@@*.
0x00,0x4f,0xf9,0x00,  //..*@@%..
0x00,0x7f,0xf7,0x00,  //..*@@*..
0x00,0x7f,0xf7,0x00,  //..*@@*..
0x00,0x7f,0xf7,0x00,  //..*@@*..
0x00,0x7f,0xf7,0x00,  //..*@@*..
0x00,0x7f,0xf7,0x00,  //..*@@*..
0x00,0xbf,0xf4,0x00,  //..%@@*..
0x7c,0xff,0xf1,0x00,  //*#@@@+..
0xff,0xff,0x80,0x00,  //@@@@%...
0xff,0xb5,0x00,0x00,  //@@%*....


/* ~ */
0x01,0xdf,0xff,0x90,0x00,0x4f,0xf0,  //.+#@@@%...*@@
0x0b,0xff,0xff,0xf9,0x00,0x9f,0xf0,  //.%@@@@@%..%@@
0x2f,0xf9,0x17,0xff,0xc9,0xff,0x90,  //+@@%+*@@#%@@%
0x7f,0xf0,0x00,0x8f,0xff,0xfe,0x10,  //*@@...%@@@@#+
0x37,0x70,0x00,0x04,0xbb,0xa2,0x00,  //***....*%%%+.


/*  */
0x00,  //.


/* 一 */
0x00,  //.


/* 三 */
0x00,  //.


/* 下 */
0x00,  //.


/* 不 */
0x00,  //.


/* 专 */
0x00,  //.


/* 久 */
0x00,  //.


/* 习 */
0x00,  //.


/* 二 */
0x00,  //.


/* 休 */
0x00,  //.


/* 低 */
0x00,  //.


/* 你 */
0x00,  //.


/* 保 */
0x00,  //.


/* 健 */
0x00,  //.


/* 入 */
0x00,  //.


/* 关 */
0x00,  //.


/* 别 */
0x00,  //.


/* 动 */
0x00,  //.


/* 即 */
0x00,  //.


/* 友 */
0x00,  //.


/* 后 */
0x00,  //.


/* 吧 */
0x00,  //.


/* 周 */
0x00,  //.


/* 哦 */
0x00,  //.


/* 啦 */
0x00,  //.


/* 坐 */
0x00,  //.


/* 头 */
0x00,  //.


/* 姿 */
0x00,  //.


/* 学 */
0x00,  //.


/* 小 */
0x00,  //.


/* 已 */
0x00,  //.


/* 度 */
0x00,  //.


/* 录 */
0x00,  //.


/* 息 */
0x00,  //.


/* 意 */
0x00,  //.


/* 报 */
0x00,  //.


/* 持 */
0x00,  //.


/* 提 */
0x00,  //.


/* 操 */
0x00,  //.


/* 敏 */
0x00,  //.


/* 日 */
0x00,  //.


/* 时 */
0x00,  //.


/* 月 */
0x00,  //.


/* 朋 */
0x00,  //.


/* 本 */
0x00,  //.


/* 来 */
0x00,  //.


/* 桌 */
0x00,  //.


/* 档 */
0x00,  //.


/* 次 */
0x00,  //.


/* 正 */
0x00,  //.


/* 歪 */
0x00,  //.


/* 注 */
0x00,  //.


/* 活 */
0x00,  //.


/* 灵 */
0x00,  //.


/* 的 */
0x00,  //.


/* 眼 */
0x00,  //.


/* 确 */
0x00,  //.


/* 示 */
0x00,  //.


/* 立 */
0x00,  //.


/* 第 */
0x00,  //.


/* 经 */
0x00,  //.


/* 统 */
0x00,  //.


/* 良 */
0x00,  //.


/* 计 */
0x00,  //.


/* 记 */
0x00,  //.


/* 识 */
0x00,  //.


/* 请 */
0x00,  //.


/* 起 */
0x00,  //.


/* 趴 */
0x00,  //.


/* 进 */
0x00,  //.


/* 醒 */
0x00,  //.


/* 长 */
0x00,  //.


/* 闭 */
0x00,  //.


/* 间 */
0x00,  //.


/* 隔 */
0x00,  //.


};


static const lv_font_fmt_txt_glyph_dsc_t glyph_dsc[] = {
    {.bitmap_index = 0,	.adv_w = 0, .box_h = 1, .box_w = 2, .ofs_x = 0, .ofs_y = 6},/*(
)*/
    {.bitmap_index = 1,	.adv_w = 7, .box_h = 1, .box_w = 2, .ofs_x = 0, .ofs_y = 6},/*( )*/
    {.bitmap_index = 2,	.adv_w = 7, .box_h = 21, .box_w = 4, .ofs_x = 2, .ofs_y = 7},/*(!)*/
    {.bitmap_index = 44,	.adv_w = 10, .box_h = 7, .box_w = 8, .ofs_x = 1, .ofs_y = 22},/*(")*/
    {.bitmap_index = 72,	.adv_w = 18, .box_h = 20, .box_w = 18, .ofs_x = 0, .ofs_y = 7},/*(#)*/
    {.bitmap_index = 252,	.adv_w = 16, .box_h = 27, .box_w = 14, .ofs_x = 1, .ofs_y = 3},/*($)*/
    {.bitmap_index = 441,	.adv_w = 22, .box_h = 20, .box_w = 20, .ofs_x = 1, .ofs_y = 7},/*(%)*/
    {.bitmap_index = 641,	.adv_w = 19, .box_h = 21, .box_w = 20, .ofs_x = 1, .ofs_y = 7},/*(&)*/
    {.bitmap_index = 851,	.adv_w = 5, .box_h = 7, .box_w = 4, .ofs_x = 1, .ofs_y = 22},/*(')*/
    {.bitmap_index = 865,	.adv_w = 10, .box_h = 25, .box_w = 8, .ofs_x = 2, .ofs_y = 4},/*(()*/
    {.bitmap_index = 965,	.adv_w = 10, .box_h = 25, .box_w = 8, .ofs_x = 0, .ofs_y = 4},/*())*/
    {.bitmap_index = 1065,	.adv_w = 12, .box_h = 11, .box_w = 10, .ofs_x = 1, .ofs_y = 16},/*(*)*/
    {.bitmap_index = 1120,	.adv_w = 16, .box_h = 13, .box_w = 14, .ofs_x = 1, .ofs_y = 10},/*(+)*/
    {.bitmap_index = 1211,	.adv_w = 7, .box_h = 8, .box_w = 4, .ofs_x = 2, .ofs_y = 2},/*(,)*/
    {.bitmap_index = 1227,	.adv_w = 13, .box_h = 2, .box_w = 10, .ofs_x = 2, .ofs_y = 14},/*(-)*/
    {.bitmap_index = 1237,	.adv_w = 7, .box_h = 3, .box_w = 4, .ofs_x = 2, .ofs_y = 7},/*(.)*/
    {.bitmap_index = 1243,	.adv_w = 11, .box_h = 20, .box_w = 12, .ofs_x = 0, .ofs_y = 7},/*(/)*/
    {.bitmap_index = 1363,	.adv_w = 16, .box_h = 20, .box_w = 14, .ofs_x = 1, .ofs_y = 7},/*(0)*/
    {.bitmap_index = 1503,	.adv_w = 16, .box_h = 20, .box_w = 8, .ofs_x = 3, .ofs_y = 7},/*(1)*/
    {.bitmap_index = 1583,	.adv_w = 16, .box_h = 20, .box_w = 14, .ofs_x = 1, .ofs_y = 7},/*(2)*/
    {.bitmap_index = 1723,	.adv_w = 16, .box_h = 20, .box_w = 14, .ofs_x = 1, .ofs_y = 7},/*(3)*/
    {.bitmap_index = 1863,	.adv_w = 16, .box_h = 20, .box_w = 14, .ofs_x = 1, .ofs_y = 7},/*(4)*/
    {.bitmap_index = 2003,	.adv_w = 16, .box_h = 20, .box_w = 12, .ofs_x = 2, .ofs_y = 7},/*(5)*/
    {.bitmap_index = 2123,	.adv_w = 16, .box_h = 20, .box_w = 14, .ofs_x = 1, .ofs_y = 7},/*(6)*/
    {.bitmap_index = 2263,	.adv_w = 16, .box_h = 20, .box_w = 14, .ofs_x = 1, .ofs_y = 7},/*(7)*/
    {.bitmap_index = 2403,	.adv_w = 16, .box_h = 20, .box_w = 14, .ofs_x = 1, .ofs_y = 7},/*(8)*/
    {.bitmap_index = 2543,	.adv_w = 16, .box_h = 20, .box_w = 14, .ofs_x = 1, .ofs_y = 7},/*(9)*/
    {.bitmap_index = 2683,	.adv_w = 7, .box_h = 14, .box_w = 4, .ofs_x = 2, .ofs_y = 7},/*(:)*/
    {.bitmap_index = 2711,	.adv_w = 7, .box_h = 19, .box_w = 4, .ofs_x = 2, .ofs_y = 2},/*(;)*/
    {.bitmap_index = 2749,	.adv_w = 16, .box_h = 13, .box_w = 14, .ofs_x = 1, .ofs_y = 10},/*(<)*/
    {.bitmap_index = 2840,	.adv_w = 16, .box_h = 8, .box_w = 14, .ofs_x = 1, .ofs_y = 13},/*(=)*/
    {.bitmap_index = 2896,	.adv_w = 16, .box_h = 13, .box_w = 14, .ofs_x = 1, .ofs_y = 10},/*(>)*/
    {.bitmap_index = 2987,	.adv_w = 12, .box_h = 21, .box_w = 12, .ofs_x = 0, .ofs_y = 7},/*(?)*/
    {.bitmap_index = 3113,	.adv_w = 26, .box_h = 25, .box_w = 26, .ofs_x = 1, .ofs_y = 3},/*(@)*/
    {.bitmap_index = 3438,	.adv_w = 18, .box_h = 20, .box_w = 18, .ofs_x = 0, .ofs_y = 7},/*(A)*/
    {.bitmap_index = 3618,	.adv_w = 18, .box_h = 20, .box_w = 16, .ofs_x = 2, .ofs_y = 7},/*(B)*/
    {.bitmap_index = 3778,	.adv_w = 18, .box_h = 20, .box_w = 16, .ofs_x = 1, .ofs_y = 7},/*(C)*/
    {.bitmap_index = 3938,	.adv_w = 20, .box_h = 20, .box_w = 16, .ofs_x = 2, .ofs_y = 7},/*(D)*/
    {.bitmap_index = 4098,	.adv_w = 16, .box_h = 20, .box_w = 14, .ofs_x = 2, .ofs_y = 7},/*(E)*/
    {.bitmap_index = 4238,	.adv_w = 15, .box_h = 20, .box_w = 14, .ofs_x = 2, .ofs_y = 7},/*(F)*/
    {.bitmap_index = 4378,	.adv_w = 19, .box_h = 20, .box_w = 18, .ofs_x = 1, .ofs_y = 7},/*(G)*/
    {.bitmap_index = 4558,	.adv_w = 20, .box_h = 20, .box_w = 16, .ofs_x = 2, .ofs_y = 7},/*(H)*/
    {.bitmap_index = 4718,	.adv_w = 7, .box_h = 20, .box_w = 4, .ofs_x = 2, .ofs_y = 7},/*(I)*/
    {.bitmap_index = 4758,	.adv_w = 13, .box_h = 20, .box_w = 12, .ofs_x = 0, .ofs_y = 7},/*(J)*/
    {.bitmap_index = 4878,	.adv_w = 19, .box_h = 20, .box_w = 18, .ofs_x = 2, .ofs_y = 7},/*(K)*/
    {.bitmap_index = 5058,	.adv_w = 15, .box_h = 20, .box_w = 14, .ofs_x = 2, .ofs_y = 7},/*(L)*/
    {.bitmap_index = 5198,	.adv_w = 23, .box_h = 20, .box_w = 20, .ofs_x = 2, .ofs_y = 7},/*(M)*/
    {.bitmap_index = 5398,	.adv_w = 20, .box_h = 20, .box_w = 16, .ofs_x = 2, .ofs_y = 7},/*(N)*/
    {.bitmap_index = 5558,	.adv_w = 21, .box_h = 20, .box_w = 18, .ofs_x = 1, .ofs_y = 7},/*(O)*/
    {.bitmap_index = 5738,	.adv_w = 16, .box_h = 20, .box_w = 14, .ofs_x = 2, .ofs_y = 7},/*(P)*/
    {.bitmap_index = 5878,	.adv_w = 21, .box_h = 24, .box_w = 20, .ofs_x = 1, .ofs_y = 3},/*(Q)*/
    {.bitmap_index = 6118,	.adv_w = 18, .box_h = 20, .box_w = 16, .ofs_x = 2, .ofs_y = 7},/*(R)*/
    {.bitmap_index = 6278,	.adv_w = 16, .box_h = 20, .box_w = 16, .ofs_x = 0, .ofs_y = 7},/*(S)*/
    {.bitmap_index = 6438,	.adv_w = 16, .box_h = 20, .box_w = 16, .ofs_x = 0, .ofs_y = 7},/*(T)*/
    {.bitmap_index = 6598,	.adv_w = 20, .box_h = 20, .box_w = 16, .ofs_x = 2, .ofs_y = 7},/*(U)*/
    {.bitmap_index = 6758,	.adv_w = 18, .box_h = 20, .box_w = 18, .ofs_x = 0, .ofs_y = 7},/*(V)*/
    {.bitmap_index = 6938,	.adv_w = 26, .box_h = 20, .box_w = 26, .ofs_x = 0, .ofs_y = 7},/*(W)*/
    {.bitmap_index = 7198,	.adv_w = 18, .box_h = 20, .box_w = 18, .ofs_x = 0, .ofs_y = 7},/*(X)*/
    {.bitmap_index = 7378,	.adv_w = 17, .box_h = 20, .box_w = 18, .ofs_x = 0, .ofs_y = 7},/*(Y)*/
    {.bitmap_index = 7558,	.adv_w = 16, .box_h = 20, .box_w = 14, .ofs_x = 1, .ofs_y = 7},/*(Z)*/
    {.bitmap_index = 7698,	.adv_w = 10, .box_h = 25, .box_w = 8, .ofs_x = 2, .ofs_y = 4},/*([)*/
    {.bitmap_index = 7798,	.adv_w = 11, .box_h = 20, .box_w = 12, .ofs_x = 0, .ofs_y = 7},/*(\)*/
    {.bitmap_index = 7918,	.adv_w = 10, .box_h = 25, .box_w = 6, .ofs_x = 1, .ofs_y = 4},/*(])*/
    {.bitmap_index = 7993,	.adv_w = 13, .box_h = 11, .box_w = 12, .ofs_x = 1, .ofs_y = 16},/*(^)*/
    {.bitmap_index = 8059,	.adv_w = 12, .box_h = 3, .box_w = 12, .ofs_x = 0, .ofs_y = 2},/*(_)*/
    {.bitmap_index = 8077,	.adv_w = 9, .box_h = 4, .box_w = 6, .ofs_x = 2, .ofs_y = 23},/*(`)*/
    {.bitmap_index = 8089,	.adv_w = 15, .box_h = 14, .box_w = 12, .ofs_x = 1, .ofs_y = 7},/*(a)*/
    {.bitmap_index = 8173,	.adv_w = 17, .box_h = 21, .box_w = 14, .ofs_x = 2, .ofs_y = 7},/*(b)*/
    {.bitmap_index = 8320,	.adv_w = 13, .box_h = 14, .box_w = 12, .ofs_x = 1, .ofs_y = 7},/*(c)*/
    {.bitmap_index = 8404,	.adv_w = 17, .box_h = 21, .box_w = 14, .ofs_x = 1, .ofs_y = 7},/*(d)*/
    {.bitmap_index = 8551,	.adv_w = 15, .box_h = 14, .box_w = 14, .ofs_x = 1, .ofs_y = 7},/*(e)*/
    {.bitmap_index = 8649,	.adv_w = 10, .box_h = 21, .box_w = 12, .ofs_x = 0, .ofs_y = 7},/*(f)*/
    {.bitmap_index = 8775,	.adv_w = 17, .box_h = 21, .box_w = 14, .ofs_x = 1, .ofs_y = 0},/*(g)*/
    {.bitmap_index = 8922,	.adv_w = 16, .box_h = 21, .box_w = 12, .ofs_x = 2, .ofs_y = 7},/*(h)*/
    {.bitmap_index = 9048,	.adv_w = 7, .box_h = 20, .box_w = 4, .ofs_x = 2, .ofs_y = 7},/*(i)*/
    {.bitmap_index = 9088,	.adv_w = 7, .box_h = 27, .box_w = 8, .ofs_x = -3, .ofs_y = 0},/*(j)*/
    {.bitmap_index = 9196,	.adv_w = 15, .box_h = 21, .box_w = 14, .ofs_x = 2, .ofs_y = 7},/*(k)*/
    {.bitmap_index = 9343,	.adv_w = 7, .box_h = 21, .box_w = 4, .ofs_x = 2, .ofs_y = 7},/*(l)*/
    {.bitmap_index = 9385,	.adv_w = 23, .box_h = 14, .box_w = 20, .ofs_x = 2, .ofs_y = 7},/*(m)*/
    {.bitmap_index = 9525,	.adv_w = 16, .box_h = 14, .box_w = 12, .ofs_x = 2, .ofs_y = 7},/*(n)*/
    {.bitmap_index = 9609,	.adv_w = 16, .box_h = 14, .box_w = 14, .ofs_x = 1, .ofs_y = 7},/*(o)*/
    {.bitmap_index = 9707,	.adv_w = 17, .box_h = 20, .box_w = 14, .ofs_x = 2, .ofs_y = 1},/*(p)*/
    {.bitmap_index = 9847,	.adv_w = 17, .box_h = 20, .box_w = 14, .ofs_x = 1, .ofs_y = 1},/*(q)*/
    {.bitmap_index = 9987,	.adv_w = 11, .box_h = 14, .box_w = 10, .ofs_x = 2, .ofs_y = 7},/*(r)*/
    {.bitmap_index = 10057,	.adv_w = 12, .box_h = 14, .box_w = 12, .ofs_x = 1, .ofs_y = 7},/*(s)*/
    {.bitmap_index = 10141,	.adv_w = 10, .box_h = 18, .box_w = 10, .ofs_x = 0, .ofs_y = 7},/*(t)*/
    {.bitmap_index = 10231,	.adv_w = 16, .box_h = 14, .box_w = 12, .ofs_x = 2, .ofs_y = 7},/*(u)*/
    {.bitmap_index = 10315,	.adv_w = 14, .box_h = 14, .box_w = 14, .ofs_x = 0, .ofs_y = 7},/*(v)*/
    {.bitmap_index = 10413,	.adv_w = 21, .box_h = 14, .box_w = 22, .ofs_x = 0, .ofs_y = 7},/*(w)*/
    {.bitmap_index = 10567,	.adv_w = 14, .box_h = 14, .box_w = 14, .ofs_x = 0, .ofs_y = 7},/*(x)*/
    {.bitmap_index = 10665,	.adv_w = 14, .box_h = 21, .box_w = 14, .ofs_x = 0, .ofs_y = 0},/*(y)*/
    {.bitmap_index = 10812,	.adv_w = 13, .box_h = 14, .box_w = 12, .ofs_x = 1, .ofs_y = 7},/*(z)*/
    {.bitmap_index = 10896,	.adv_w = 10, .box_h = 25, .box_w = 10, .ofs_x = 1, .ofs_y = 4},/*({)*/
    {.bitmap_index = 11021,	.adv_w = 5, .box_h = 25, .box_w = 4, .ofs_x = 1, .ofs_y = 4},/*(|)*/
    {.bitmap_index = 11071,	.adv_w = 10, .box_h = 25, .box_w = 8, .ofs_x = 1, .ofs_y = 4},/*(})*/
    {.bitmap_index = 11171,	.adv_w = 16, .box_h = 5, .box_w = 14, .ofs_x = 1, .ofs_y = 14},/*(~)*/
    {.bitmap_index = 11206,	.adv_w = 14, .box_h = 1, .box_w = 2, .ofs_x = 0, .ofs_y = 6},/*()*/
    {.bitmap_index = 11207,	.adv_w = 27, .box_h = 1, .box_w = 2, .ofs_x = 0, .ofs_y = 6},/*(一)*/
    {.bitmap_index = 11208,	.adv_w = 27, .box_h = 1, .box_w = 2, .ofs_x = 0, .ofs_y = 6},/*(三)*/
    {.bitmap_index = 11209,	.adv_w = 27, .box_h = 1, .box_w = 2, .ofs_x = 0, .ofs_y = 6},/*(下)*/
    {.bitmap_index = 11210,	.adv_w = 27, .box_h = 1, .box_w = 2, .ofs_x = 0, .ofs_y = 6},/*(不)*/
    {.bitmap_index = 11211,	.adv_w = 27, .box_h = 1, .box_w = 2, .ofs_x = 0, .ofs_y = 6},/*(专)*/
    {.bitmap_index = 11212,	.adv_w = 27, .box_h = 1, .box_w = 2, .ofs_x = 0, .ofs_y = 6},/*(久)*/
    {.bitmap_index = 11213,	.adv_w = 27, .box_h = 1, .box_w = 2, .ofs_x = 0, .ofs_y = 6},/*(习)*/
    {.bitmap_index = 11214,	.adv_w = 27, .box_h = 1, .box_w = 2, .ofs_x = 0, .ofs_y = 6},/*(二)*/
    {.bitmap_index = 11215,	.adv_w = 27, .box_h = 1, .box_w = 2, .ofs_x = 0, .ofs_y = 6},/*(休)*/
    {.bitmap_index = 11216,	.adv_w = 27, .box_h = 1, .box_w = 2, .ofs_x = 0, .ofs_y = 6},/*(低)*/
    {.bitmap_index = 11217,	.adv_w = 27, .box_h = 1, .box_w = 2, .ofs_x = 0, .ofs_y = 6},/*(你)*/
    {.bitmap_index = 11218,	.adv_w = 27, .box_h = 1, .box_w = 2, .ofs_x = 0, .ofs_y = 6},/*(保)*/
    {.bitmap_index = 11219,	.adv_w = 27, .box_h = 1, .box_w = 2, .ofs_x = 0, .ofs_y = 6},/*(健)*/
    {.bitmap_index = 11220,	.adv_w = 27, .box_h = 1, .box_w = 2, .ofs_x = 0, .ofs_y = 6},/*(入)*/
    {.bitmap_index = 11221,	.adv_w = 27, .box_h = 1, .box_w = 2, .ofs_x = 0, .ofs_y = 6},/*(关)*/
    {.bitmap_index = 11222,	.adv_w = 27, .box_h = 1, .box_w = 2, .ofs_x = 0, .ofs_y = 6},/*(别)*/
    {.bitmap_index = 11223,	.adv_w = 27, .box_h = 1, .box_w = 2, .ofs_x = 0, .ofs_y = 6},/*(动)*/
    {.bitmap_index = 11224,	.adv_w = 27, .box_h = 1, .box_w = 2, .ofs_x = 0, .ofs_y = 6},/*(即)*/
    {.bitmap_index = 11225,	.adv_w = 27, .box_h = 1, .box_w = 2, .ofs_x = 0, .ofs_y = 6},/*(友)*/
    {.bitmap_index = 11226,	.adv_w = 27, .box_h = 1, .box_w = 2, .ofs_x = 0, .ofs_y = 6},/*(后)*/
    {.bitmap_index = 11227,	.adv_w = 27, .box_h = 1, .box_w = 2, .ofs_x = 0, .ofs_y = 6},/*(吧)*/
    {.bitmap_index = 11228,	.adv_w = 27, .box_h = 1, .box_w = 2, .ofs_x = 0, .ofs_y = 6},/*(周)*/
    {.bitmap_index = 11229,	.adv_w = 27, .box_h = 1, .box_w = 2, .ofs_x = 0, .ofs_y = 6},/*(哦)*/
    {.bitmap_index = 11230,	.adv_w = 27, .box_h = 1, .box_w = 2, .ofs_x = 0, .ofs_y = 6},/*(啦)*/
    {.bitmap_index = 11231,	.adv_w = 27, .box_h = 1, .box_w = 2, .ofs_x = 0, .ofs_y = 6},/*(坐)*/
    {.bitmap_index = 11232,	.adv_w = 27, .box_h = 1, .box_w = 2, .ofs_x = 0, .ofs_y = 6},/*(头)*/
    {.bitmap_index = 11233,	.adv_w = 27, .box_h = 1, .box_w = 2, .ofs_x = 0, .ofs_y = 6},/*(姿)*/
    {.bitmap_index = 11234,	.adv_w = 27, .box_h = 1, .box_w = 2, .ofs_x = 0, .ofs_y = 6},/*(学)*/
    {.bitmap_index = 11235,	.adv_w = 27, .box_h = 1, .box_w = 2, .ofs_x = 0, .ofs_y = 6},/*(小)*/
    {.bitmap_index = 11236,	.adv_w = 27, .box_h = 1, .box_w = 2, .ofs_x = 0, .ofs_y = 6},/*(已)*/
    {.bitmap_index = 11237,	.adv_w = 27, .box_h = 1, .box_w = 2, .ofs_x = 0, .ofs_y = 6},/*(度)*/
    {.bitmap_index = 11238,	.adv_w = 27, .box_h = 1, .box_w = 2, .ofs_x = 0, .ofs_y = 6},/*(录)*/
    {.bitmap_index = 11239,	.adv_w = 27, .box_h = 1, .box_w = 2, .ofs_x = 0, .ofs_y = 6},/*(息)*/
    {.bitmap_index = 11240,	.adv_w = 27, .box_h = 1, .box_w = 2, .ofs_x = 0, .ofs_y = 6},/*(意)*/
    {.bitmap_index = 11241,	.adv_w = 27, .box_h = 1, .box_w = 2, .ofs_x = 0, .ofs_y = 6},/*(报)*/
    {.bitmap_index = 11242,	.adv_w = 27, .box_h = 1, .box_w = 2, .ofs_x = 0, .ofs_y = 6},/*(持)*/
    {.bitmap_index = 11243,	.adv_w = 27, .box_h = 1, .box_w = 2, .ofs_x = 0, .ofs_y = 6},/*(提)*/
    {.bitmap_index = 11244,	.adv_w = 27, .box_h = 1, .box_w = 2, .ofs_x = 0, .ofs_y = 6},/*(操)*/
    {.bitmap_index = 11245,	.adv_w = 27, .box_h = 1, .box_w = 2, .ofs_x = 0, .ofs_y = 6},/*(敏)*/
    {.bitmap_index = 11246,	.adv_w = 27, .box_h = 1, .box_w = 2, .ofs_x = 0, .ofs_y = 6},/*(日)*/
    {.bitmap_index = 11247,	.adv_w = 27, .box_h = 1, .box_w = 2, .ofs_x = 0, .ofs_y = 6},/*(时)*/
    {.bitmap_index = 11248,	.adv_w = 27, .box_h = 1, .box_w = 2, .ofs_x = 0, .ofs_y = 6},/*(月)*/
    {.bitmap_index = 11249,	.adv_w = 27, .box_h = 1, .box_w = 2, .ofs_x = 0, .ofs_y = 6},/*(朋)*/
    {.bitmap_index = 11250,	.adv_w = 27, .box_h = 1, .box_w = 2, .ofs_x = 0, .ofs_y = 6},/*(本)*/
    {.bitmap_index = 11251,	.adv_w = 27, .box_h = 1, .box_w = 2, .ofs_x = 0, .ofs_y = 6},/*(来)*/
    {.bitmap_index = 11252,	.adv_w = 27, .box_h = 1, .box_w = 2, .ofs_x = 0, .ofs_y = 6},/*(桌)*/
    {.bitmap_index = 11253,	.adv_w = 27, .box_h = 1, .box_w = 2, .ofs_x = 0, .ofs_y = 6},/*(档)*/
    {.bitmap_index = 11254,	.adv_w = 27, .box_h = 1, .box_w = 2, .ofs_x = 0, .ofs_y = 6},/*(次)*/
    {.bitmap_index = 11255,	.adv_w = 27, .box_h = 1, .box_w = 2, .ofs_x = 0, .ofs_y = 6},/*(正)*/
    {.bitmap_index = 11256,	.adv_w = 27, .box_h = 1, .box_w = 2, .ofs_x = 0, .ofs_y = 6},/*(歪)*/
    {.bitmap_index = 11257,	.adv_w = 27, .box_h = 1, .box_w = 2, .ofs_x = 0, .ofs_y = 6},/*(注)*/
    {.bitmap_index = 11258,	.adv_w = 27, .box_h = 1, .box_w = 2, .ofs_x = 0, .ofs_y = 6},/*(活)*/
    {.bitmap_index = 11259,	.adv_w = 27, .box_h = 1, .box_w = 2, .ofs_x = 0, .ofs_y = 6},/*(灵)*/
    {.bitmap_index = 11260,	.adv_w = 27, .box_h = 1, .box_w = 2, .ofs_x = 0, .ofs_y = 6},/*(的)*/
    {.bitmap_index = 11261,	.adv_w = 27, .box_h = 1, .box_w = 2, .ofs_x = 0, .ofs_y = 6},/*(眼)*/
    {.bitmap_index = 11262,	.adv_w = 27, .box_h = 1, .box_w = 2, .ofs_x = 0, .ofs_y = 6},/*(确)*/
    {.bitmap_index = 11263,	.adv_w = 27, .box_h = 1, .box_w = 2, .ofs_x = 0, .ofs_y = 6},/*(示)*/
    {.bitmap_index = 11264,	.adv_w = 27, .box_h = 1, .box_w = 2, .ofs_x = 0, .ofs_y = 6},/*(立)*/
    {.bitmap_index = 11265,	.adv_w = 27, .box_h = 1, .box_w = 2, .ofs_x = 0, .ofs_y = 6},/*(第)*/
    {.bitmap_index = 11266,	.adv_w = 27, .box_h = 1, .box_w = 2, .ofs_x = 0, .ofs_y = 6},/*(经)*/
    {.bitmap_index = 11267,	.adv_w = 27, .box_h = 1, .box_w = 2, .ofs_x = 0, .ofs_y = 6},/*(统)*/
    {.bitmap_index = 11268,	.adv_w = 27, .box_h = 1, .box_w = 2, .ofs_x = 0, .ofs_y = 6},/*(良)*/
    {.bitmap_index = 11269,	.adv_w = 27, .box_h = 1, .box_w = 2, .ofs_x = 0, .ofs_y = 6},/*(计)*/
    {.bitmap_index = 11270,	.adv_w = 27, .box_h = 1, .box_w = 2, .ofs_x = 0, .ofs_y = 6},/*(记)*/
    {.bitmap_index = 11271,	.adv_w = 27, .box_h = 1, .box_w = 2, .ofs_x = 0, .ofs_y = 6},/*(识)*/
    {.bitmap_index = 11272,	.adv_w = 27, .box_h = 1, .box_w = 2, .ofs_x = 0, .ofs_y = 6},/*(请)*/
    {.bitmap_index = 11273,	.adv_w = 27, .box_h = 1, .box_w = 2, .ofs_x = 0, .ofs_y = 6},/*(起)*/
    {.bitmap_index = 11274,	.adv_w = 27, .box_h = 1, .box_w = 2, .ofs_x = 0, .ofs_y = 6},/*(趴)*/
    {.bitmap_index = 11275,	.adv_w = 27, .box_h = 1, .box_w = 2, .ofs_x = 0, .ofs_y = 6},/*(进)*/
    {.bitmap_index = 11276,	.adv_w = 27, .box_h = 1, .box_w = 2, .ofs_x = 0, .ofs_y = 6},/*(醒)*/
    {.bitmap_index = 11277,	.adv_w = 27, .box_h = 1, .box_w = 2, .ofs_x = 0, .ofs_y = 6},/*(长)*/
    {.bitmap_index = 11278,	.adv_w = 27, .box_h = 1, .box_w = 2, .ofs_x = 0, .ofs_y = 6},/*(闭)*/
    {.bitmap_index = 11279,	.adv_w = 27, .box_h = 1, .box_w = 2, .ofs_x = 0, .ofs_y = 6},/*(间)*/
    {.bitmap_index = 11280,	.adv_w = 27, .box_h = 1, .box_w = 2, .ofs_x = 0, .ofs_y = 6},/*(隔)*/
};


static const uint16_t unicode_list_1[] = {
    0x000a,	/*(
)*/
    0x0020,	/*( )*/
    0x0021,	/*(!)*/
    0x0022,	/*(")*/
    0x0023,	/*(#)*/
    0x0024,	/*($)*/
    0x0025,	/*(%)*/
    0x0026,	/*(&)*/
    0x0027,	/*(')*/
    0x0028,	/*(()*/
    0x0029,	/*())*/
    0x002a,	/*(*)*/
    0x002b,	/*(+)*/
    0x002c,	/*(,)*/
    0x002d,	/*(-)*/
    0x002e,	/*(.)*/
    0x002f,	/*(/)*/
    0x0030,	/*(0)*/
    0x0031,	/*(1)*/
    0x0032,	/*(2)*/
    0x0033,	/*(3)*/
    0x0034,	/*(4)*/
    0x0035,	/*(5)*/
    0x0036,	/*(6)*/
    0x0037,	/*(7)*/
    0x0038,	/*(8)*/
    0x0039,	/*(9)*/
    0x003a,	/*(:)*/
    0x003b,	/*(;)*/
    0x003c,	/*(<)*/
    0x003d,	/*(=)*/
    0x003e,	/*(>)*/
    0x003f,	/*(?)*/
    0x0040,	/*(@)*/
    0x0041,	/*(A)*/
    0x0042,	/*(B)*/
    0x0043,	/*(C)*/
    0x0044,	/*(D)*/
    0x0045,	/*(E)*/
    0x0046,	/*(F)*/
    0x0047,	/*(G)*/
    0x0048,	/*(H)*/
    0x0049,	/*(I)*/
    0x004a,	/*(J)*/
    0x004b,	/*(K)*/
    0x004c,	/*(L)*/
    0x004d,	/*(M)*/
    0x004e,	/*(N)*/
    0x004f,	/*(O)*/
    0x0050,	/*(P)*/
    0x0051,	/*(Q)*/
    0x0052,	/*(R)*/
    0x0053,	/*(S)*/
    0x0054,	/*(T)*/
    0x0055,	/*(U)*/
    0x0056,	/*(V)*/
    0x0057,	/*(W)*/
    0x0058,	/*(X)*/
    0x0059,	/*(Y)*/
    0x005a,	/*(Z)*/
    0x005b,	/*([)*/
    0x005c,	/*(\)*/
    0x005d,	/*(])*/
    0x005e,	/*(^)*/
    0x005f,	/*(_)*/
    0x0060,	/*(`)*/
    0x0061,	/*(a)*/
    0x0062,	/*(b)*/
    0x0063,	/*(c)*/
    0x0064,	/*(d)*/
    0x0065,	/*(e)*/
    0x0066,	/*(f)*/
    0x0067,	/*(g)*/
    0x0068,	/*(h)*/
    0x0069,	/*(i)*/
    0x006a,	/*(j)*/
    0x006b,	/*(k)*/
    0x006c,	/*(l)*/
    0x006d,	/*(m)*/
    0x006e,	/*(n)*/
    0x006f,	/*(o)*/
    0x0070,	/*(p)*/
    0x0071,	/*(q)*/
    0x0072,	/*(r)*/
    0x0073,	/*(s)*/
    0x0074,	/*(t)*/
    0x0075,	/*(u)*/
    0x0076,	/*(v)*/
    0x0077,	/*(w)*/
    0x0078,	/*(x)*/
    0x0079,	/*(y)*/
    0x007a,	/*(z)*/
    0x007b,	/*({)*/
    0x007c,	/*(|)*/
    0x007d,	/*(})*/
    0x007e,	/*(~)*/
    0x007f,	/*()*/
    0x4e00,	/*(一)*/
    0x4e09,	/*(三)*/
    0x4e0b,	/*(下)*/
    0x4e0d,	/*(不)*/
    0x4e13,	/*(专)*/
    0x4e45,	/*(久)*/
    0x4e60,	/*(习)*/
    0x4e8c,	/*(二)*/
    0x4f11,	/*(休)*/
    0x4f4e,	/*(低)*/
    0x4f60,	/*(你)*/
    0x4fdd,	/*(保)*/
    0x5065,	/*(健)*/
    0x5165,	/*(入)*/
    0x5173,	/*(关)*/
    0x522b,	/*(别)*/
    0x52a8,	/*(动)*/
    0x5373,	/*(即)*/
    0x53cb,	/*(友)*/
    0x540e,	/*(后)*/
    0x5427,	/*(吧)*/
    0x5468,	/*(周)*/
    0x54e6,	/*(哦)*/
    0x5566,	/*(啦)*/
    0x5750,	/*(坐)*/
    0x5934,	/*(头)*/
    0x59ff,	/*(姿)*/
    0x5b66,	/*(学)*/
    0x5c0f,	/*(小)*/
    0x5df2,	/*(已)*/
    0x5ea6,	/*(度)*/
    0x5f55,	/*(录)*/
    0x606f,	/*(息)*/
    0x610f,	/*(意)*/
    0x62a5,	/*(报)*/
    0x6301,	/*(持)*/
    0x63d0,	/*(提)*/
    0x64cd,	/*(操)*/
    0x654f,	/*(敏)*/
    0x65e5,	/*(日)*/
    0x65f6,	/*(时)*/
    0x6708,	/*(月)*/
    0x670b,	/*(朋)*/
    0x672c,	/*(本)*/
    0x6765,	/*(来)*/
    0x684c,	/*(桌)*/
    0x6863,	/*(档)*/
    0x6b21,	/*(次)*/
    0x6b63,	/*(正)*/
    0x6b6a,	/*(歪)*/
    0x6ce8,	/*(注)*/
    0x6d3b,	/*(活)*/
    0x7075,	/*(灵)*/
    0x7684,	/*(的)*/
    0x773c,	/*(眼)*/
    0x786e,	/*(确)*/
    0x793a,	/*(示)*/
    0x7acb,	/*(立)*/
    0x7b2c,	/*(第)*/
    0x7ecf,	/*(经)*/
    0x7edf,	/*(统)*/
    0x826f,	/*(良)*/
    0x8ba1,	/*(计)*/
    0x8bb0,	/*(记)*/
    0x8bc6,	/*(识)*/
    0x8bf7,	/*(请)*/
    0x8d77,	/*(起)*/
    0x8db4,	/*(趴)*/
    0x8fdb,	/*(进)*/
    0x9192,	/*(醒)*/
    0x957f,	/*(长)*/
    0x95ed,	/*(闭)*/
    0x95f4,	/*(间)*/
    0x9694,	/*(隔)*/
    0x0000,    /*End indicator*/
};


static const lv_font_fmt_txt_cmap_t cmaps[] = {
    {
        .range_start = 0x000a,
        .range_length = 0x9694,
        .type = LV_FONT_FMT_TXT_CMAP_SPARSE_TINY,
        .glyph_id_start = 0,
        .unicode_list = unicode_list_1,
        .glyph_id_ofs_list = NULL,
        .list_length = 171,
    }
};


static lv_font_fmt_txt_glyph_cache_t glyph_cache;


static lv_font_fmt_txt_dsc_t font_dsc = {
    .glyph_bitmap = glyph_bitmap,
    .glyph_dsc = glyph_dsc,
    .cmaps = cmaps,
    .cmap_num = 1,
    .bpp = 4,

    .kern_scale = 0,
    .kern_dsc = NULL,
    .kern_classes = 0,

    .cache = &glyph_cache,
};


static int binsearch(const uint16_t *sortedSeq, int seqLength, uint16_t keyData) {
    int low = 0, mid, high = seqLength - 1;
    while (low <= high) {
        mid = (low + high)>>1;//右移1位等于是/2，奇数，无论奇偶，有个值就行
        if (keyData < sortedSeq[mid]) {
            high = mid - 1;//是mid-1，因为mid已经比较过了
        }
        else if (keyData > sortedSeq[mid]) {
            low = mid + 1;
        }
        else {
            return mid;
        }
    }
    return -1;
}


static const uint8_t * __user_font_get_bitmap(const lv_font_t * font, uint32_t unicode_letter) {
    lv_font_fmt_txt_dsc_t * fdsc = (lv_font_fmt_txt_dsc_t *) font->dsc;

    if( unicode_letter<fdsc->cmaps[0].range_start || unicode_letter>fdsc->cmaps[0].range_length ) return false;

    int i;
    if( unicode_letter==fdsc->cache->last_letter ){
        i = fdsc->cache->last_glyph_id;
    }
    else{
        i = binsearch(fdsc->cmaps[0].unicode_list, fdsc->cmaps[0].list_length, unicode_letter);
    }
    if( i != -1 ) {
        const lv_font_fmt_txt_glyph_dsc_t * gdsc = &fdsc->glyph_dsc[i];
        fdsc->cache->last_glyph_id = i;
        fdsc->cache->last_letter = unicode_letter;
        return &fdsc->glyph_bitmap[gdsc->bitmap_index];
    }
    return NULL;
}


static bool __user_font_get_glyph_dsc(const lv_font_t * font, lv_font_glyph_dsc_t * dsc_out, uint32_t unicode_letter, uint32_t unicode_letter_next) {
    lv_font_fmt_txt_dsc_t * fdsc = (lv_font_fmt_txt_dsc_t *) font->dsc;

    if( unicode_letter<fdsc->cmaps[0].range_start || unicode_letter>fdsc->cmaps[0].range_length ) return false;

    int i;
    if( unicode_letter==fdsc->cache->last_letter ){
        i = fdsc->cache->last_glyph_id;
    }
    else{
        i = binsearch(fdsc->cmaps[0].unicode_list, fdsc->cmaps[0].list_length, unicode_letter);
    }
    if( i != -1 ) {
        const lv_font_fmt_txt_glyph_dsc_t * gdsc = &fdsc->glyph_dsc[i];
        fdsc->cache->last_glyph_id = i;
        fdsc->cache->last_letter = unicode_letter;
        dsc_out->adv_w = gdsc->adv_w;
        dsc_out->box_h = gdsc->box_h;
        dsc_out->box_w = gdsc->box_w;
        dsc_out->ofs_x = gdsc->ofs_x;
        dsc_out->ofs_y = gdsc->ofs_y;
        dsc_out->bpp   = fdsc->bpp;
        return true;
    }
    return false;
}


//HarmonyOS Sans Medium,Regular,20
//字模高度：36
//内部字体
//使用排序和二分查表
const lv_font_t Lamp_font20 = {
    .dsc = &font_dsc,
    .get_glyph_bitmap = __user_font_get_bitmap,
    .get_glyph_dsc = __user_font_get_glyph_dsc,
    .line_height = 36,
    .base_line = 0,
};

